<?xml version="1.0" encoding="UTF-8"?>
<?xml-stylesheet type="text/xsl" href="garages.xsl"?>

<!--<!DOCTYPE GARAGES SYSTEM "garages.dtd" >-->
<GARAGES xmlns:xsi="http://www.w3.org/2001/XMLSchema-instance" xsi:noNamespaceSchemaLocation="garages.xsd">
    <!-- Garages Jose -->
    <!-- Begin garage Westerink -->
    <GARAGE>
        <NAAM>Garage Westerink</NAAM>
        <ADRESGEGEVENS>
            <STRAAT>Westeinde</STRAAT>
            <HUISNUMMER>106</HUISNUMMER>
            <POSTCODE>3844 DR</POSTCODE>
            <PLAATS>Harderwijk</PLAATS>
            <PROVINCIE>Gelderland</PROVINCIE>
        </ADRESGEGEVENS>
        <TELEFOONNUMMER>0341 431188</TELEFOONNUMMER>
        <EMAIL>info@vakgaragewesterink.nl</EMAIL>
        <!-- Info over het verkoop gedeelte van deze garage -->
        <VERKOOP>
            <!-- Openingstijden van het verkoop gedeelte van deze garage -->
            <OPENINGSTIJDEN>
                <MAANDAG>
                    <OPENING>08:00</OPENING>
                    <SLUITING>12:30</SLUITING>
                    <OPENING>13:00</OPENING>
                    <SLUITING>17:00</SLUITING>
                </MAANDAG>
                <DINSDAG>
                    <OPENING>08:00</OPENING>
                    <SLUITING>12:30</SLUITING>
                    <OPENING>13:00</OPENING>
                    <SLUITING>17:00</SLUITING>
                </DINSDAG>
                <WOENSDAG>
                    <OPENING>08:00</OPENING>
                    <SLUITING>12:30</SLUITING>
                    <OPENING>13:00</OPENING>
                    <SLUITING>17:00</SLUITING>
                </WOENSDAG>
                <DONDERDAG>
                    <OPENING>08:00</OPENING>
                    <SLUITING>12:30</SLUITING>
                    <OPENING>13:00</OPENING>
                    <SLUITING>17:00</SLUITING>
                </DONDERDAG>
                <VRIJDAG>
                    <OPENING>08:00</OPENING>
                    <SLUITING>12:30</SLUITING>
                    <OPENING>13:00</OPENING>
                    <SLUITING>17:00</SLUITING>
                </VRIJDAG>
                <ZATERDAG>
                    <OPENING>08:00</OPENING>
                    <SLUITING>12:30</SLUITING>
                    <OPENING>13:00</OPENING>
                    <SLUITING>18:00</SLUITING>
                </ZATERDAG>
            </OPENINGSTIJDEN>
            <!-- Wat biedt deze verkoop afdeling naast verkoop -->
            <DIENSTEN>
                <VERHUUR/>
            </DIENSTEN>
            <!-- Verkoop van de gebruikte auto's -->
            <OCCASIONS>
                <AUTO kenteken="10-ZGL-3" merk="Audi">
                    <MODEL>A1</MODEL>
                    <BOUWJAAR>2012</BOUWJAAR>
                    <BRANDSTOF naam="Euro_95"/>
                    <PRIJS>12900,00</PRIJS>
                    <APK-VERLOOP-DATUM>13-11-2018</APK-VERLOOP-DATUM>
                    <FOTOS>
                        <FOTO>
                            <URL>18f4a810f237617620d075aad8d7a342.jpg</URL>
                            <ALT>Auto</ALT>
                        </FOTO>
                    </FOTOS>
                </AUTO>
                <AUTO kenteken="HV-811-S" merk="Citroen">
                    <MODEL>C1</MODEL>
                    <BOUWJAAR>2016</BOUWJAAR>
                    <BRANDSTOF naam="Premium_Benzine"/>
                    <PRIJS>8900,00</PRIJS>
                    <APK-VERLOOP-DATUM>29-01-2020</APK-VERLOOP-DATUM>
                    <FOTOS>
                        <FOTO>
                            <URL>0338263714001.jpg</URL>
                            <ALT>Auto</ALT>
                        </FOTO>
                    </FOTOS>
                </AUTO>
            </OCCASIONS>
        </VERKOOP>
        <!-- De gegevens van de werkplaats van deze garage -->
        <WERKPLAATS>
            <OPENINGSTIJDEN>
                <MAANDAG>
                    <OPENING>08:00</OPENING>
                    <SLUITING>12:30</SLUITING>
                    <OPENING>13:00</OPENING>
                    <SLUITING>17:00</SLUITING>
                </MAANDAG>
                <DINSDAG>
                    <OPENING>08:00</OPENING>
                    <SLUITING>12:30</SLUITING>
                    <OPENING>13:00</OPENING>
                    <SLUITING>17:00</SLUITING>
                </DINSDAG>
                <WOENSDAG>
                    <OPENING>08:00</OPENING>
                    <SLUITING>12:30</SLUITING>
                    <OPENING>13:00</OPENING>
                    <SLUITING>17:00</SLUITING>
                </WOENSDAG>
                <DONDERDAG>
                    <OPENING>08:00</OPENING>
                    <SLUITING>12:30</SLUITING>
                    <OPENING>13:00</OPENING>
                    <SLUITING>17:00</SLUITING>
                </DONDERDAG>
                <VRIJDAG>
                    <OPENING>08:00</OPENING>
                    <SLUITING>12:30</SLUITING>
                    <OPENING>13:00</OPENING>
                    <SLUITING>17:00</SLUITING>
                </VRIJDAG>
                <ZATERDAG>
                    <OPENING>08:00</OPENING>
                    <SLUITING>12:30</SLUITING>
                    <OPENING>13:00</OPENING>
                    <SLUITING>18:00</SLUITING>
                </ZATERDAG>
            </OPENINGSTIJDEN>
            <!-- Werkzaamheden van de garage -->
            <WERKZAAMHEDEN>
                <ONDERHOUD/>
                <APK/>
                <SCHADEHERSTEL/>
                <RUITENREPARATIE/>
                <BANDENSERVICE/>
            </WERKZAAMHEDEN>
        </WERKPLAATS>
        <!-- Certificaten van de garage -->
        <CERTIFICATEN>
            <RDW/>
        </CERTIFICATEN>
        <!-- De medewerkers van deze garage -->
        <MEDEWERKERS>
            <MEDEWERKER>
                <VOORNAAM>Marco</VOORNAAM>
                <ACHTERNAAM>Boertien</ACHTERNAAM>
                <FOTO>
                    <URL>eigenaar.jpg</URL>
                    <ALT>Marco Boertien</ALT>
                </FOTO>
                <FUNCTIE naam="Eigenaar" />
            </MEDEWERKER>
            <MEDEWERKER>
                <VOORNAAM>Anne</VOORNAAM>
                <ACHTERNAAM>Boer</ACHTERNAAM>
                <FOTO>
                    <URL>glimlachende-verkoopster-die-een-auto-controleert_13339-174581.jpg</URL>
                    <ALT>Anne Boer</ALT>
                </FOTO>
                <FUNCTIE naam="Verkoper" />
            </MEDEWERKER>
            <MEDEWERKER>
                <VOORNAAM>Piet</VOORNAAM>
                <ACHTERNAAM>Pieterson</ACHTERNAAM>
                <FOTO>
                    <URL>o.jpg</URL>
                    <ALT>Piet</ALT>
                </FOTO>
                <FUNCTIE naam="Monteur"/>
            </MEDEWERKER>
        </MEDEWERKERS>
    </GARAGE>
    <!-- De gegevens van garage Wester -->
    <GARAGE>
        <NAAM>Garage Wester B.V.</NAAM>
        <ADRESGEGEVENS>
            <STRAAT>Westeinde</STRAAT>
            <HUISNUMMER>10</HUISNUMMER>
            <POSTCODE>3844 DR</POSTCODE>
            <PLAATS>Harderwijk</PLAATS>
            <PROVINCIE>Gelderland</PROVINCIE>
        </ADRESGEGEVENS>
        <TELEFOONNUMMER>0341 431188</TELEFOONNUMMER>
        <EMAIL>info@vakgaragewester.nl</EMAIL>
        <!-- Het verkoop gedeelte van deze garage -->
        <VERKOOP>
            <OPENINGSTIJDEN>
                <MAANDAG>
                    <OPENING>09:00</OPENING>
                    <SLUITING>18:00</SLUITING>
                </MAANDAG>
                <DINSDAG>
                    <OPENING>09:00</OPENING>
                    <SLUITING>18:00</SLUITING>
                </DINSDAG>
                <WOENSDAG>
                    <OPENING>09:00</OPENING>
                    <SLUITING>18:00</SLUITING>
                </WOENSDAG>
                <DONDERDAG>
                    <OPENING>09:00</OPENING>
                    <SLUITING>18:00</SLUITING>
                </DONDERDAG>
                <VRIJDAG>
                    <OPENING>09:00</OPENING>
                    <SLUITING>18:00</SLUITING>
                </VRIJDAG>
                <ZATERDAG>
                    <OPENING>09:00</OPENING>
                    <SLUITING>17:00</SLUITING>
                </ZATERDAG>
            </OPENINGSTIJDEN>
            <DIENSTEN>
                <LENEN/>
            </DIENSTEN>
            <OCCASIONS>
                <AUTO kenteken="10-ZGL-3" merk="Audi">
                    <MODEL>A1</MODEL>
                    <BOUWJAAR>2012</BOUWJAAR>
                    <BRANDSTOF naam="Premium_Benzine"/>
                    <PRIJS>12900,00</PRIJS>
                    <APK-VERLOOP-DATUM>13-11-2018</APK-VERLOOP-DATUM>
                    <FOTOS>
                        <FOTO>
                            <URL>18f4a810f237617620d075aad8d7a342.jpg</URL>
                            <ALT>Auto</ALT>
                        </FOTO>
                    </FOTOS>
                </AUTO>
            </OCCASIONS>
            <NIEUWE-AUTOS>
                <AUTO merk="Citroen">
                    <MODEL>C1</MODEL>
                    <BOUWJAAR>2016</BOUWJAAR>
                    <BRANDSTOF naam="CNG"/>
                    <PRIJS>8900,00</PRIJS>
                    <APK-VERLOOP-DATUM>29-01-2020</APK-VERLOOP-DATUM>
                    <FOTOS>
                        <FOTO>
                            <URL>0338263714001.jpg</URL>
                            <ALT>Auto</ALT>
                        </FOTO>
                    </FOTOS>
                </AUTO>
            </NIEUWE-AUTOS>
        </VERKOOP>
        <!-- De werkplaats gegevens -->
        <WERKPLAATS>
            <OPENINGSTIJDEN>
                <MAANDAG>
                    <OPENING>09:00</OPENING>
                    <SLUITING>18:00</SLUITING>
                </MAANDAG>
                <DINSDAG>
                    <OPENING>09:00</OPENING>
                    <SLUITING>18:00</SLUITING>
                </DINSDAG>
                <WOENSDAG>
                    <OPENING>09:00</OPENING>
                    <SLUITING>18:00</SLUITING>
                </WOENSDAG>
                <DONDERDAG>
                    <OPENING>09:00</OPENING>
                    <SLUITING>18:00</SLUITING>
                </DONDERDAG>
                <VRIJDAG>
                    <OPENING>09:00</OPENING>
                    <SLUITING>18:00</SLUITING>
                </VRIJDAG>
                <ZATERDAG>
                    <OPENING>09:00</OPENING>
                    <SLUITING>17:00</SLUITING>
                </ZATERDAG>
            </OPENINGSTIJDEN>
            <WERKZAAMHEDEN>
                <ONDERHOUD/>
                <APK/>
                <SCHADEHERSTEL/>
                <RUITENREPARATIE/>
                <BANDENSERVICE/>
            </WERKZAAMHEDEN>
        </WERKPLAATS>
        <!-- De certificaten -->
        <CERTIFICATEN>
            <RDW/>
        </CERTIFICATEN>
        <!-- Medewerkers van deze garage -->
        <MEDEWERKERS>
            <MEDEWERKER>
                <VOORNAAM>Frank</VOORNAAM>
                <ACHTERNAAM>Boer</ACHTERNAAM>
                <FOTO>
                    <URL>eigenaar.jpg</URL>
                    <ALT>Frank Boer</ALT>
                </FOTO>
                <FUNCTIE naam="Eigenaar" />
            </MEDEWERKER>
            <MEDEWERKER>
                <VOORNAAM>Piet</VOORNAAM>
                <ACHTERNAAM>Pieters</ACHTERNAAM>
                <FOTO>
                    <URL>8181 Image content page 724x260 filter NL.jpg</URL>
                    <ALT>Piet</ALT>
                </FOTO>
                <FUNCTIE naam="Monteur"/>
            </MEDEWERKER>
        </MEDEWERKERS>
    </GARAGE>
    <!-- De gegevens van garage Erink -->
    <GARAGE>
        <NAAM>Garage Erink B.V.</NAAM>
        <ADRESGEGEVENS>
            <STRAAT>Westeinde</STRAAT>
            <HUISNUMMER>20</HUISNUMMER>
            <POSTCODE>3844 DR</POSTCODE>
            <PLAATS>Harderwijk</PLAATS>
            <PROVINCIE>Gelderland</PROVINCIE>
        </ADRESGEGEVENS>
        <TELEFOONNUMMER>0341 431188</TELEFOONNUMMER>
        <EMAIL>info@vakgarageerink.nl</EMAIL>
        <!-- Gegevens van de verkoop afdeling van deze garage -->
        <VERKOOP>
            <OPENINGSTIJDEN>
                <MAANDAG>
                    <OPENING>09:00</OPENING>
                    <SLUITING>18:00</SLUITING>
                </MAANDAG>
                <DINSDAG>
                    <OPENING>09:00</OPENING>
                    <SLUITING>18:00</SLUITING>
                </DINSDAG>
                <WOENSDAG>
                    <OPENING>09:00</OPENING>
                    <SLUITING>18:00</SLUITING>
                </WOENSDAG>
                <DONDERDAG>
                    <OPENING>09:00</OPENING>
                    <SLUITING>18:00</SLUITING>
                </DONDERDAG>
                <VRIJDAG>
                    <OPENING>09:00</OPENING>
                    <SLUITING>18:00</SLUITING>
                </VRIJDAG>
                <ZATERDAG>
                    <OPENING>09:00</OPENING>
                    <SLUITING>17:00</SLUITING>
                </ZATERDAG>
            </OPENINGSTIJDEN>
            <DIENSTEN>
                <VERHUUR/>
                <LENEN/>
            </DIENSTEN>
            <NIEUWE-AUTOS>
                <AUTO merk="Citroen">
                    <MODEL>C1</MODEL>
                    <BOUWJAAR>2016</BOUWJAAR>
                    <BRANDSTOF naam="Super_MLV"/>
                    <PRIJS>8900,00</PRIJS>
                    <APK-VERLOOP-DATUM>29-01-2020</APK-VERLOOP-DATUM>
                    <FOTOS>
                        <FOTO>
                            <URL>turn_48_mmd1404.png</URL>
                            <ALT>citroen</ALT>
                        </FOTO>
                    </FOTOS>
                </AUTO>
            </NIEUWE-AUTOS>
        </VERKOOP>
        <!-- Gegevens werkplaats van deze garage -->
        <WERKPLAATS>
            <OPENINGSTIJDEN>
                <MAANDAG>
                    <OPENING>09:00</OPENING>
                    <SLUITING>18:00</SLUITING>
                </MAANDAG>
                <DINSDAG>
                    <OPENING>09:00</OPENING>
                    <SLUITING>18:00</SLUITING>
                </DINSDAG>
                <WOENSDAG>
                    <OPENING>09:00</OPENING>
                    <SLUITING>18:00</SLUITING>
                </WOENSDAG>
                <DONDERDAG>
                    <OPENING>09:00</OPENING>
                    <SLUITING>18:00</SLUITING>
                </DONDERDAG>
                <VRIJDAG>
                    <OPENING>09:00</OPENING>
                    <SLUITING>18:00</SLUITING>
                </VRIJDAG>
                <ZATERDAG>
                    <OPENING>09:00</OPENING>
                    <SLUITING>17:00</SLUITING>
                </ZATERDAG>
            </OPENINGSTIJDEN>
            <WERKZAAMHEDEN>
                <ONDERHOUD/>
                <APK/>
                <RUITENREPARATIE/>
                <BANDENSERVICE/>
            </WERKZAAMHEDEN>
        </WERKPLAATS>
        <!-- Certificaten van de garage-->
        <CERTIFICATEN>
            <BOVAG/>
        </CERTIFICATEN>
        <!-- Medewerkers van deze garage -->
        <MEDEWERKERS>
            <MEDEWERKER>
                <VOORNAAM>Henk</VOORNAAM>
                <ACHTERNAAM>Boertien</ACHTERNAAM>
                <FOTO>
                    <URL>o.jpg</URL>
                    <ALT>Henk Boer</ALT>
                </FOTO>
                <FUNCTIE naam="Eigenaar" />
            </MEDEWERKER>
            <MEDEWERKER>
                <VOORNAAM>Anne</VOORNAAM>
                <ACHTERNAAM>Boer</ACHTERNAAM>
                <FOTO>
                    <URL>glimlachende-verkoopster-die-een-auto-controleert_13339-174581.jpg</URL>
                    <ALT>Anne Boer</ALT>
                </FOTO>
                <FUNCTIE naam="Verkoper" />
            </MEDEWERKER>
        </MEDEWERKERS>
    </GARAGE>
    <!-- Garage boer -->
    <GARAGE>
        <NAAM>Garage Boer B.V.</NAAM>
        <ADRESGEGEVENS>
            <STRAAT>Westeinde</STRAAT>
            <HUISNUMMER>66</HUISNUMMER>
            <POSTCODE>3844 DR</POSTCODE>
            <PLAATS>Harderwijk</PLAATS>
            <PROVINCIE>Gelderland</PROVINCIE>
        </ADRESGEGEVENS>
        <TELEFOONNUMMER>0341 431583</TELEFOONNUMMER>
        <EMAIL>info@deboer.nl</EMAIL>
        <!-- Gegevens van de verkoop afdeling van deze garage -->
        <VERKOOP>
            <OPENINGSTIJDEN>
                <MAANDAG>
                    <OPENING>06:00</OPENING>
                    <SLUITING>20:00</SLUITING>
                </MAANDAG>
                <DINSDAG>
                    <OPENING>06:00</OPENING>
                    <SLUITING>22:00</SLUITING>
                </DINSDAG>
                <WOENSDAG>
                    <OPENING>07:00</OPENING>
                    <SLUITING>22:00</SLUITING>
                </WOENSDAG>
                <DONDERDAG>
                    <OPENING>06:00</OPENING>
                    <SLUITING>22:00</SLUITING>
                </DONDERDAG>
                <VRIJDAG>
                    <OPENING>06:00</OPENING>
                    <SLUITING>22:00</SLUITING>
                </VRIJDAG>
                <ZATERDAG>
                    <OPENING>06:00</OPENING>
                    <SLUITING>00:00</SLUITING>
                </ZATERDAG>
            </OPENINGSTIJDEN>
            <DIENSTEN>
                <VERHUUR/>
            </DIENSTEN>
            <NIEUWE-AUTOS>
                <AUTO merk="Audi">
                    <MODEL>A1</MODEL>
                    <BOUWJAAR>2012</BOUWJAAR>
                    <BRANDSTOF naam="Euro_95"/>
                    <PRIJS>12900,00</PRIJS>
                    <APK-VERLOOP-DATUM>13-11-2018</APK-VERLOOP-DATUM>
                    <FOTOS>
                        <FOTO>
                            <URL>18f4a810f237617620d075aad8d7a342.jpg</URL>
                            <ALT>Auto</ALT>
                        </FOTO>
                    </FOTOS>
                </AUTO>
            </NIEUWE-AUTOS>
        </VERKOOP>
        <!-- Gegevens van de werkplaats van deze garage-->
        <WERKPLAATS>
            <OPENINGSTIJDEN>
                <MAANDAG>
                    <OPENING>07:00</OPENING>
                    <SLUITING>18:00</SLUITING>
                </MAANDAG>
                <DINSDAG>
                    <OPENING>07:00</OPENING>
                    <SLUITING>18:00</SLUITING>
                </DINSDAG>
                <WOENSDAG>
                    <OPENING>07:00</OPENING>
                    <SLUITING>18:00</SLUITING>
                </WOENSDAG>
                <DONDERDAG>
                    <OPENING>07:00</OPENING>
                    <SLUITING>18:00</SLUITING>
                </DONDERDAG>
                <VRIJDAG>
                    <OPENING>07:00</OPENING>
                    <SLUITING>18:00</SLUITING>
                </VRIJDAG>
                <ZATERDAG>
                    <OPENING>07:00</OPENING>
                    <SLUITING>17:00</SLUITING>
                </ZATERDAG>
            </OPENINGSTIJDEN>
            <WERKZAAMHEDEN>
                <ONDERHOUD/>
                <APK/>
                <SCHADEHERSTEL/>
            </WERKZAAMHEDEN>
        </WERKPLAATS>
        <!-- Certificaten van deze garage -->
        <CERTIFICATEN>
            <BOVAG/>
            <RDW/>
        </CERTIFICATEN>
        <!-- Medewerkers van deze garage-->
        <MEDEWERKERS>
            <MEDEWERKER>
                <VOORNAAM>Henk</VOORNAAM>
                <ACHTERNAAM>Elf</ACHTERNAAM>
                <FOTO>
                    <URL>o.JPG</URL>
                    <ALT>Henk Elf</ALT>
                </FOTO>
                <FUNCTIE naam="Eigenaar" />
            </MEDEWERKER>
            <MEDEWERKER>
                <VOORNAAM>Anne</VOORNAAM>
                <ACHTERNAAM>Boer</ACHTERNAAM>
                <FOTO>
                    <URL>glimlachende-verkoopster-die-een-auto-controleert_13339-174581.jpg</URL>
                    <ALT>Anne Boer</ALT>
                </FOTO>
                <FUNCTIE naam="Telefonist" />
            </MEDEWERKER>
            <MEDEWERKER>
                <VOORNAAM>Mark</VOORNAAM>
                <ACHTERNAAM>Boer</ACHTERNAAM>
                <FOTO>
                    <URL>o.jpg</URL>
                    <ALT>Mark Boer</ALT>
                </FOTO>
                <FUNCTIE naam="Monteur" />
            </MEDEWERKER>
        </MEDEWERKERS>
        <!-- De faciliteiten van deze garage -->
        <FACILITEITEN>
            <WASSEN>
                <WASSTRATEN>
                    <WASSTRAAT>
                        <PRIJS>10,00</PRIJS>
                    </WASSTRAAT>
                </WASSTRATEN>
            </WASSEN>
        </FACILITEITEN>
    </GARAGE>
    <!-- Garage broer -->
    <GARAGE>
        <NAAM>Garage Broer B.V.</NAAM>
        <ADRESGEGEVENS>
            <STRAAT>Westeinde</STRAAT>
            <HUISNUMMER>686</HUISNUMMER>
            <POSTCODE>3844 DR</POSTCODE>
            <PLAATS>Harderwijk</PLAATS>
            <PROVINCIE>Gelderland</PROVINCIE>
        </ADRESGEGEVENS>
        <TELEFOONNUMMER>0341 431583</TELEFOONNUMMER>
        <EMAIL>info@broer.nl</EMAIL>
        <!-- De gegevens van de verkoop afdeling -->
        <VERKOOP>
            <OPENINGSTIJDEN>
                <MAANDAG>
                    <OPENING>09:00</OPENING>
                    <SLUITING>19:00</SLUITING>
                </MAANDAG>
                <DINSDAG>
                    <OPENING>09:00</OPENING>
                    <SLUITING>19:00</SLUITING>
                </DINSDAG>
                <WOENSDAG>
                    <OPENING>09:00</OPENING>
                    <SLUITING>19:00</SLUITING>
                </WOENSDAG>
                <DONDERDAG>
                    <OPENING>09:00</OPENING>
                    <SLUITING>19:00</SLUITING>
                </DONDERDAG>
                <VRIJDAG>
                    <OPENING>09:00</OPENING>
                    <SLUITING>19:00</SLUITING>
                </VRIJDAG>
                <ZATERDAG>
                    <OPENING>09:00</OPENING>
                    <SLUITING>19:00</SLUITING>
                </ZATERDAG>
            </OPENINGSTIJDEN>
            <DIENSTEN>
                <LENEN/>
            </DIENSTEN>
            <NIEUWE-AUTOS>
                <AUTO merk="Audi">
                    <MODEL>A1</MODEL>
                    <BOUWJAAR>2012</BOUWJAAR>
                    <BRANDSTOF naam="Euro_95"/>
                    <PRIJS>12900,00</PRIJS>
                    <APK-VERLOOP-DATUM>13-11-2018</APK-VERLOOP-DATUM>
                    <FOTOS>
                        <FOTO>
                            <URL>18f4a810f237617620d075aad8d7a342.jpg</URL>
                            <ALT>Auto</ALT>
                        </FOTO>
                    </FOTOS>
                </AUTO>
            </NIEUWE-AUTOS>
        </VERKOOP>
        <!-- De gegevens van de werkplaats van deze garage -->
        <WERKPLAATS>
            <OPENINGSTIJDEN>
                <MAANDAG>
                    <OPENING>07:00</OPENING>
                    <SLUITING>18:00</SLUITING>
                </MAANDAG>
                <DINSDAG>
                    <OPENING>07:00</OPENING>
                    <SLUITING>18:00</SLUITING>
                </DINSDAG>
                <WOENSDAG>
                    <OPENING>07:00</OPENING>
                    <SLUITING>18:00</SLUITING>
                </WOENSDAG>
                <DONDERDAG>
                    <OPENING>07:00</OPENING>
                    <SLUITING>18:00</SLUITING>
                </DONDERDAG>
                <VRIJDAG>
                    <OPENING>07:00</OPENING>
                    <SLUITING>18:00</SLUITING>
                </VRIJDAG>
                <ZATERDAG>
                    <OPENING>07:00</OPENING>
                    <SLUITING>17:00</SLUITING>
                </ZATERDAG>
            </OPENINGSTIJDEN>
            <WERKZAAMHEDEN>
                <ONDERHOUD/>
                <APK/>
                <SCHADEHERSTEL/>
            </WERKZAAMHEDEN>
        </WERKPLAATS>
        <!-- De certificaten van deze garage -->
        <CERTIFICATEN>
            <RDW/>
        </CERTIFICATEN>
        <!-- De medewerkers van deze garage -->
        <MEDEWERKERS>
            <MEDEWERKER>
                <VOORNAAM>Henk</VOORNAAM>
                <ACHTERNAAM>Elven</ACHTERNAAM>
                <FOTO>
                    <URL>o.JPG</URL>
                    <ALT>Henk Elven</ALT>
                </FOTO>
                <FUNCTIE naam="Eigenaar" />
            </MEDEWERKER>
            <MEDEWERKER>
                <VOORNAAM>Anne</VOORNAAM>
                <ACHTERNAAM>Boer</ACHTERNAAM>
                <FOTO>
                    <URL>glimlachende-verkoopster-die-een-auto-controleert_13339-174581.jpg</URL>
                    <ALT>Anne Boer</ALT>
                </FOTO>
                <FUNCTIE naam="Telefonist" />
            </MEDEWERKER>
            <MEDEWERKER>
                <VOORNAAM>Mark</VOORNAAM>
                <ACHTERNAAM>Boer</ACHTERNAAM>
                <FOTO>
                    <URL>o.jpg</URL>
                    <ALT>Mark Boer</ALT>
                </FOTO>
                <FUNCTIE naam="Monteur" />
            </MEDEWERKER>
        </MEDEWERKERS>
        <!-- De faciliteiten van deze garage -->
        <FACILITEITEN>
            <WASSEN>
                <WASBOXEN>
                    <WASBOX>
                        <PRIJS>10,00</PRIJS>
                    </WASBOX>
                </WASBOXEN>
            </WASSEN>
        </FACILITEITEN>
    </GARAGE>
    <!-- Garages Alwin -->
    <!-- Begin Henk Boertien -->
    <GARAGE>
        <NAAM>Henk Boertien</NAAM>
        <ADRESGEGEVENS>
            <STRAAT>J.B. Slotstraat</STRAAT>
            <HUISNUMMER>5</HUISNUMMER>
            <POSTCODE>7913 ZZ</POSTCODE>
            <PLAATS>Hollandscheveld</PLAATS>
            <PROVINCIE>Drenthe</PROVINCIE>
        </ADRESGEGEVENS>
        <TELEFOONNUMMER>0528 343895</TELEFOONNUMMER>
        <EMAIL>werkplaats@henkboertien.nl</EMAIL>
        <!-- Info over het verkoop gedeelte van deze garage -->
        <VERKOOP>
            <!-- Openingstijden van het verkoop gedeelte van deze garage -->
            <OPENINGSTIJDEN>
                <MAANDAG>
                    <OPENING>08:00</OPENING>
                    <SLUITING>12:30</SLUITING>
                    <OPENING>13:00</OPENING>
                    <SLUITING>17:00</SLUITING>
                </MAANDAG>
                <DINSDAG>
                    <OPENING>08:00</OPENING>
                    <SLUITING>12:30</SLUITING>
                    <OPENING>13:00</OPENING>
                    <SLUITING>17:00</SLUITING>
                </DINSDAG>
                <WOENSDAG>
                    <OPENING>08:00</OPENING>
                    <SLUITING>12:30</SLUITING>
                    <OPENING>13:00</OPENING>
                    <SLUITING>17:00</SLUITING>
                </WOENSDAG>
                <DONDERDAG>
                    <OPENING>08:00</OPENING>
                    <SLUITING>12:30</SLUITING>
                    <OPENING>13:00</OPENING>
                    <SLUITING>17:00</SLUITING>
                </DONDERDAG>
                <VRIJDAG>
                    <OPENING>08:00</OPENING>
                    <SLUITING>12:30</SLUITING>
                    <OPENING>13:00</OPENING>
                    <SLUITING>17:00</SLUITING>
                </VRIJDAG>
                <ZATERDAG>
                    <OPENING>08:00</OPENING>
                    <SLUITING>12:30</SLUITING>
                    <OPENING>13:00</OPENING>
                    <SLUITING>17:00</SLUITING>
                </ZATERDAG>
            </OPENINGSTIJDEN>
            <!-- Wat biedt deze verkoop afdeling naast verkoop -->
            <DIENSTEN>
                <LENEN/>
            </DIENSTEN>
            <!-- Verkoop van de gebruikte auto's -->
            <OCCASIONS>
                <AUTO kenteken="64TTRF" merk="Mini">
                    <MODEL>1.6 Cooper Chili</MODEL>
                    <BOUWJAAR>2007</BOUWJAAR>
                    <BRANDSTOF naam="Euro_95" />
                    <PRIJS>6.750,00</PRIJS>
                    <APK-VERLOOP-DATUM>13-04-2018</APK-VERLOOP-DATUM>
                    <FOTOS>
                        <FOTO>
                            <URL>0f08aa27aed420a1e8e3b01fde5f9e940d7f3b47.jpg</URL>
                            <ALT>Auto</ALT>
                        </FOTO>
                    </FOTOS>
                </AUTO>
            </OCCASIONS>
        </VERKOOP>
        <!-- De gegevens van de werkplaats deze garage -->
        <WERKPLAATS>
            <OPENINGSTIJDEN>
                <MAANDAG>
                    <OPENING>08:00</OPENING>
                    <SLUITING>12:30</SLUITING>
                    <OPENING>13:00</OPENING>
                    <SLUITING>17:00</SLUITING>
                </MAANDAG>
                <DINSDAG>
                    <OPENING>08:00</OPENING>
                    <SLUITING>12:30</SLUITING>
                    <OPENING>13:00</OPENING>
                    <SLUITING>17:00</SLUITING>
                </DINSDAG>
                <WOENSDAG>
                    <OPENING>08:00</OPENING>
                    <SLUITING>12:30</SLUITING>
                    <OPENING>13:00</OPENING>
                    <SLUITING>17:00</SLUITING>
                </WOENSDAG>
                <DONDERDAG>
                    <OPENING>08:00</OPENING>
                    <SLUITING>12:30</SLUITING>
                    <OPENING>13:00</OPENING>
                    <SLUITING>17:00</SLUITING>
                </DONDERDAG>
                <VRIJDAG>
                    <OPENING>08:00</OPENING>
                    <SLUITING>12:30</SLUITING>
                    <OPENING>13:00</OPENING>
                    <SLUITING>17:00</SLUITING>
                </VRIJDAG>
            </OPENINGSTIJDEN>
            <WERKZAAMHEDEN>
                <!-- Werkzaamheden van de garage -->
                <ONDERHOUD/>
                <APK/>
                <SCHADEHERSTEL/>
                <RUITENREPARATIE/>
                <AIRCOSERVICE/>
                <BANDENSERVICE/>
            </WERKZAAMHEDEN>
        </WERKPLAATS>
        <!-- De medewerkers van deze garage -->
        <MEDEWERKERS>
            <MEDEWERKER>
                <VOORNAAM>Henk</VOORNAAM>
                <ACHTERNAAM>Boertien</ACHTERNAAM>
                <FOTO>
                    <URL>DSCN1500[1].JPG</URL>
                    <ALT>Henk Boertien</ALT>
                </FOTO>
                <FUNCTIE naam="Eigenaar" />
            </MEDEWERKER>
            <MEDEWERKER>
                <VOORNAAM>Arne</VOORNAAM>
                <ACHTERNAAM>Boertien</ACHTERNAAM>
                <FOTO>
                    <URL>DSCN1500[1].JPG</URL>
                    <ALT>Arne Boertien</ALT>
                </FOTO>
                <FUNCTIE naam="Eigenaar" />
            </MEDEWERKER>
        </MEDEWERKERS>
        <!-- De gegevens van de faciliteiten van deze garage -->
        <FACILITEITEN>
            <WINKEL>
                <AUTO-ACCESSOIRES/>
                <LEVENSMIDDELEN/>
            </WINKEL>
        </FACILITEITEN>
    </GARAGE>
    <!-- Begin De Jong garage -->
    <GARAGE>
        <NAAM>De Jong</NAAM>
        <ADRESGEGEVENS>
            <STRAAT>Brink</STRAAT>
            <HUISNUMMER>41</HUISNUMMER>
            <POSTCODE>7963 AB</POSTCODE>
            <PLAATS>Ruinen</PLAATS>
            <PROVINCIE>Drenthe</PROVINCIE>
        </ADRESGEGEVENS>
        <TELEFOONNUMMER>0522472888</TELEFOONNUMMER>
        <EMAIL>info@dejong-ruinen.nl</EMAIL>
        <!-- Info over het verkoop gedeelte van deze garage -->
        <VERKOOP>
            <!-- Openingstijden van het verkoop gedeelte van deze garage -->
            <OPENINGSTIJDEN>
                <MAANDAG>
                    <OPENING>08:00</OPENING>
                    <SLUITING>18:00</SLUITING>
                </MAANDAG>
                <DINSDAG>
                    <OPENING>08:00</OPENING>
                    <SLUITING>18:00</SLUITING>
                </DINSDAG>
                <WOENSDAG>
                    <OPENING>08:00</OPENING>
                    <SLUITING>18:00</SLUITING>
                </WOENSDAG>
                <DONDERDAG>
                    <OPENING>08:00</OPENING>
                    <SLUITING>18:00</SLUITING>
                </DONDERDAG>
                <VRIJDAG>
                    <OPENING>08:00</OPENING>
                    <SLUITING>18:00</SLUITING>
                </VRIJDAG>
                <ZATERDAG>
                    <OPENING>09:00</OPENING>
                    <SLUITING>16:00</SLUITING>
                </ZATERDAG>
            </OPENINGSTIJDEN>
            <!-- Wat biedt deze verkoop afdeling naast verkoop -->
            <DIENSTEN>
                <LENEN/>
            </DIENSTEN>
            <!-- Verkoop van de gebruikte auto's -->
            <OCCASIONS>

				<AUTO kenteken="NP-40-1N" merk="Audi">
					<MODEL>A5 2.0</MODEL>
					<BOUWJAAR>2010</BOUWJAAR>
					<BRANDSTOF naam="Euro_95" />
					<PRIJS>999.233.215,-</PRIJS>
					<APK-VERLOOP-DATUM>02-04-2018</APK-VERLOOP-DATUM>
					<FOTOS>
						<FOTO>
							<URL>15394489-1.jpg</URL>
							<ALT>Audi 1</ALT>
						</FOTO>
						<FOTO>
							<URL>15394489-2.jpg</URL>
							<ALT>Audi 2</ALT>
						</FOTO>
						<FOTO>
							<URL>15394489-3.jpg</URL>
							<ALT>Audi 3</ALT>
						</FOTO>
						<FOTO>
							<URL>15394489-4.jpg</URL>
							<ALT>Audi 4</ALT>
						</FOTO>
						<FOTO>
							<URL>15394489-5.jpg</URL>
							<ALT>Audi 5</ALT>
						</FOTO>
						<FOTO>
							<URL>15394489-6.jpg</URL>
							<ALT>Audi 6</ALT>
						</FOTO>
					</FOTOS>
				</AUTO>
			</OCCASIONS>
		</VERKOOP>
		<!-- De gegevens van de werkplaats van deze garage -->
		<WERKPLAATS>
			<OPENINGSTIJDEN>
				<MAANDAG>
					<OPENING>08:00</OPENING>
					<SLUITING>18:00</SLUITING>
				</MAANDAG>
				<DINSDAG>
					<OPENING>08:00</OPENING>
					<SLUITING>18:00</SLUITING>
				</DINSDAG>
				<WOENSDAG>
					<OPENING>08:00</OPENING>
					<SLUITING>18:00</SLUITING>
				</WOENSDAG>
				<DONDERDAG>
					<OPENING>08:00</OPENING>
					<SLUITING>18:00</SLUITING>
				</DONDERDAG>
				<VRIJDAG>
					<OPENING>08:00</OPENING>
					<SLUITING>18:00</SLUITING>
				</VRIJDAG>
				<ZATERDAG>
					<OPENING>09:00</OPENING>
					<SLUITING>16:00</SLUITING>
				</ZATERDAG>
			</OPENINGSTIJDEN>
			<!-- Werkzaamheden van de garage -->
			<WERKZAAMHEDEN>
				<ONDERHOUD/>
				<APK/>
				<SCHADEHERSTEL/>
				<RUITENREPARATIE/>
				<AIRCOSERVICE/>
				<BANDENSERVICE/>
			</WERKZAAMHEDEN>
		</WERKPLAATS>
		<!-- Certificaten van de garage -->
		<CERTIFICATEN>
			<RDW/>
		</CERTIFICATEN>
		<!-- De medewerkers van deze garage -->
		<MEDEWERKERS>
			<MEDEWERKER>
				<VOORNAAM>Jesse</VOORNAAM>
				<ACHTERNAAM>de Jong</ACHTERNAAM>
				<FOTO>
					<URL>jessep-290x435.jpg</URL>
					<ALT>Jesse</ALT>
				</FOTO>
				<FUNCTIE naam="Eigenaar" />
			</MEDEWERKER>
			<MEDEWERKER>
				<VOORNAAM>Eddy</VOORNAAM>
				<ACHTERNAAM>de Jong</ACHTERNAAM>
				<FOTO>
					<URL>Eddy-290x435.jpg</URL>
					<ALT>Eddie</ALT>
				</FOTO>
				<FUNCTIE naam="Eigenaar" />
			</MEDEWERKER>
		</MEDEWERKERS>
		<!-- Faciliteiten van de garage -->
		<FACILITEITEN>
			<WASSEN>
				<WASSTRATEN>
					<WASSTRAAT>
						<PRIJS>5,00</PRIJS>
					</WASSTRAAT>
				</WASSTRATEN>
			</WASSEN>
		</FACILITEITEN>
	</GARAGE>
	<!-- Begin Garage Meppel -->
	<GARAGE>
		<NAAM>Garage Meppel</NAAM>
		<ADRESGEGEVENS>
			<STRAAT>Pieter Mastebroekweg</STRAAT>
			<HUISNUMMER>1B</HUISNUMMER>
			<POSTCODE>7942 JZ</POSTCODE>
			<PLAATS>Meppel</PLAATS>
			<PROVINCIE>Drenthe</PROVINCIE>
		</ADRESGEGEVENS>
		<TELEFOONNUMMER>0522 244225</TELEFOONNUMMER>
		<EMAIL>info@degarage-meppel.nl</EMAIL>
		<!-- Info over het verkoop gedeelte van deze garage -->
		<VERKOOP>
			<!-- Openingstijden van het verkoop gedeelte van deze garage -->
			<OPENINGSTIJDEN>
				<MAANDAG>
					<OPENING>08:30</OPENING>
					<SLUITING>18:00</SLUITING>
				</MAANDAG>
				<DINSDAG>
					<OPENING>08:30</OPENING>
					<SLUITING>18:00</SLUITING>
				</DINSDAG>
				<WOENSDAG>
					<OPENING>08:30</OPENING>
					<SLUITING>18:00</SLUITING>
				</WOENSDAG>
				<DONDERDAG>
					<OPENING>08:30</OPENING>
					<SLUITING>18:00</SLUITING>
				</DONDERDAG>
				<VRIJDAG>
					<OPENING>08:30</OPENING>
					<SLUITING>18:00</SLUITING>
				</VRIJDAG>
			</OPENINGSTIJDEN>
			<!-- Wat biedt deze verkoop afdeling naast verkoop -->
			<DIENSTEN>
				<VERHUUR/>
				<LENEN/>
			</DIENSTEN>
			<!-- Verkoop van de gebruikte auto's -->
			<OCCASIONS>
				<AUTO kenteken="5VRR30" merk="Renault">
					<MODEL>Kangoo Express</MODEL>
					<BOUWJAAR>2011</BOUWJAAR>
					<BRANDSTOF naam="Diesel" />
					<PRIJS>4.250,00</PRIJS>
					<APK-VERLOOP-DATUM>26-10-2018</APK-VERLOOP-DATUM>
					<FOTOS>
						<FOTO>
							<URL>ce726a97401977b38a2d099ce9e9730c6c4b1590.JPG</URL>
							<ALT>Renault Kangoo Express</ALT>
						</FOTO>
					</FOTOS>
				</AUTO>
			</OCCASIONS>
		</VERKOOP>
		<!-- De gegevens van de werkplaats van deze garage -->
		<WERKPLAATS>
			<OPENINGSTIJDEN>
				<MAANDAG>
					<OPENING>08:30</OPENING>
					<SLUITING>18:00</SLUITING>
				</MAANDAG>
				<DINSDAG>
					<OPENING>08:30</OPENING>
					<SLUITING>18:00</SLUITING>
				</DINSDAG>
				<WOENSDAG>
					<OPENING>08:30</OPENING>
					<SLUITING>18:00</SLUITING>
				</WOENSDAG>
				<DONDERDAG>
					<OPENING>08:30</OPENING>
					<SLUITING>18:00</SLUITING>
				</DONDERDAG>
				<VRIJDAG>
					<OPENING>08:30</OPENING>
					<SLUITING>18:00</SLUITING>
				</VRIJDAG>
			</OPENINGSTIJDEN>
			<!-- Werkzaamheden van de garage -->
			<WERKZAAMHEDEN>
				<ONDERHOUD />
				<APK />
				<SCHADEHERSTEL />
				<RUITENREPARATIE/>
				<AIRCOSERVICE/>
				<BANDENSERVICE/>
			</WERKZAAMHEDEN>
		</WERKPLAATS>
		<!-- De medewerkers van deze garage -->
		<MEDEWERKERS>
			<MEDEWERKER>
				<VOORNAAM>Gerrit</VOORNAAM>
				<ACHTERNAAM>Soepart</ACHTERNAAM>
				<FOTO>
					<URL>degarage-autocrew-autobedrijf-meppel-apk-onderhoud-auto_0.jpg</URL>
					<ALT>De garage meppel</ALT>
				</FOTO>
				<FUNCTIE naam="Eigenaar" />
			</MEDEWERKER>
		</MEDEWERKERS>
		<!-- De faciliteiten van deze garage -->
		<FACILITEITEN>
			<POMPEN>
				<POMP nummer="1">
					<BRANDSTOFFEN>
						<BRANDSTOF naam="LPG"/>
					</BRANDSTOFFEN>
				</POMP>
				<BRANDSTOF-PRIJZEN>
					<BRANDSTOF-PRIJS>
						<BRANDSTOF naam="LPG"/>
						<PRIJS>0.89</PRIJS>
					</BRANDSTOF-PRIJS>
				</BRANDSTOF-PRIJZEN>
			</POMPEN>
		</FACILITEITEN>
	</GARAGE>
	<!-- Begin Stolk autoservice -->
	<GARAGE>
		<NAAM>Stolk autoservice</NAAM>
		<ADRESGEGEVENS>
			<STRAAT>De Wringen </STRAAT>
			<HUISNUMMER>14</HUISNUMMER>
			<POSTCODE>7984 NM</POSTCODE>
			<PLAATS>Dieverbrug</PLAATS>
			<PROVINCIE>Drenthe</PROVINCIE>
		</ADRESGEGEVENS>
		<TELEFOONNUMMER>0521345844</TELEFOONNUMMER>
		<!-- Info over het verkoop gedeelte van deze garage -->
		<VERKOOP>
			<!-- Openingstijden van het verkoop gedeelte van deze garage -->
			<OPENINGSTIJDEN>
				<MAANDAG>
					<OPENING>08:00</OPENING>
					<SLUITING>18:00</SLUITING>
				</MAANDAG>
				<DINSDAG>
					<OPENING>08:00</OPENING>
					<SLUITING>18:00</SLUITING>
				</DINSDAG>
				<WOENSDAG>
					<OPENING>08:00</OPENING>
					<SLUITING>18:00</SLUITING>
				</WOENSDAG>
				<DONDERDAG>
					<OPENING>08:00</OPENING>
					<SLUITING>18:00</SLUITING>
				</DONDERDAG>
				<VRIJDAG>
					<OPENING>08:00</OPENING>
					<SLUITING>18:00</SLUITING>
				</VRIJDAG>
				<ZATERDAG>
					<OPENING>09:00</OPENING>
					<SLUITING>13:00</SLUITING>
				</ZATERDAG>
			</OPENINGSTIJDEN>
			<!-- Wat biedt deze verkoop afdeling naast verkoop -->
			<DIENSTEN>
				<VERHUUR/>
			</DIENSTEN>
			<!-- Verkoop van de gebruikte auto's -->
			<OCCASIONS>
				<AUTO kenteken="22klz1" merk="Citroen">
					<MODEL>C1</MODEL>
					<BOUWJAAR>2016</BOUWJAAR>
					<BRANDSTOF naam="Euro_95" />
					<PRIJS>8.000,00</PRIJS>
					<APK-VERLOOP-DATUM>09-01-2019</APK-VERLOOP-DATUM>
					<FOTOS>
						<FOTO>
							<URL>0286966001488530998.JPG</URL>
							<ALT>Citroen C1</ALT>
						</FOTO>
					</FOTOS>
				</AUTO>
			</OCCASIONS>
		</VERKOOP>
		<!-- De gegevens van de werkplaats van deze garage -->
		<WERKPLAATS>
			<OPENINGSTIJDEN>
				<MAANDAG>
					<OPENING>08:00</OPENING>
					<SLUITING>18:00</SLUITING>
				</MAANDAG>
				<DINSDAG>
					<OPENING>08:00</OPENING>
					<SLUITING>18:00</SLUITING>
				</DINSDAG>
				<WOENSDAG>
					<OPENING>08:00</OPENING>
					<SLUITING>18:00</SLUITING>
				</WOENSDAG>
				<DONDERDAG>
					<OPENING>08:00</OPENING>
					<SLUITING>18:00</SLUITING>
				</DONDERDAG>
				<VRIJDAG>
					<OPENING>08:00</OPENING>
					<SLUITING>18:00</SLUITING>
				</VRIJDAG>
				<ZATERDAG>
					<OPENING>09:00</OPENING>
					<SLUITING>13:00</SLUITING>
				</ZATERDAG>
			</OPENINGSTIJDEN>
			<!-- Werkzaamheden van de garage -->
			<WERKZAAMHEDEN>
				<ONDERHOUD/>
				<APK/>
				<SCHADEHERSTEL/>
				<BANDENSERVICE />
				<AIRCOSERVICE/>
			</WERKZAAMHEDEN>
		</WERKPLAATS>
		<!-- De medewerkers van deze garage -->
		<MEDEWERKERS>
			<MEDEWERKER>
				<VOORNAAM>Emiel</VOORNAAM>
				<ACHTERNAAM>Stolk</ACHTERNAAM>
				<FOTO>
					<URL>0804613001486398250.jpg</URL>
					<ALT>Emiel Stolk</ALT>
				</FOTO>
				<FUNCTIE naam="Eigenaar" />
			</MEDEWERKER>
		</MEDEWERKERS>
		<!-- De faciliteiten van deze garage -->
		<FACILITEITEN>
			<WASSEN>
				<WASBOXEN>
					<WASBOX>
						<PRIJS>3,-</PRIJS>
					</WASBOX>
				</WASBOXEN>
				<WASSTRATEN>
					<WASSTRAAT>
						<PRIJS>5,-</PRIJS>
					</WASSTRAAT>
					<WASSTRAAT>
						<PRIJS>10,-</PRIJS>
					</WASSTRAAT>
				</WASSTRATEN>
			</WASSEN>
		</FACILITEITEN>
	</GARAGE>
	<!-- Begin Jawad Cars -->
	<GARAGE>
		<NAAM>Jawad Cars</NAAM>
		<ADRESGEGEVENS>
			<STRAAT>Industrieweg </STRAAT>
			<HUISNUMMER>36c</HUISNUMMER>
			<POSTCODE>9403 AB</POSTCODE>
			<PLAATS>Assen</PLAATS>
			<PROVINCIE>Drenthe</PROVINCIE>
		</ADRESGEGEVENS>
		<TELEFOONNUMMER>0592371514</TELEFOONNUMMER>
		<EMAIL>verkoop@jawadcars.nl</EMAIL>
		<!-- Info over het verkoop gedeelte van deze garage -->
		<VERKOOP>
			<!-- Openingstijden van het verkoop gedeelte van deze garage -->
			<OPENINGSTIJDEN>
				<MAANDAG>
					<OPENING>09:00</OPENING>
					<SLUITING>18:00</SLUITING>
				</MAANDAG>
				<DINSDAG>
					<OPENING>09:00</OPENING>
					<SLUITING>18:00</SLUITING>
				</DINSDAG>
				<WOENSDAG>
					<OPENING>09:00</OPENING>
					<SLUITING>18:00</SLUITING>
				</WOENSDAG>
				<DONDERDAG>
					<OPENING>09:00</OPENING>
					<SLUITING>18:00</SLUITING>
				</DONDERDAG>
				<VRIJDAG>
					<OPENING>09:00</OPENING>
					<SLUITING>18:00</SLUITING>
				</VRIJDAG>
				<ZATERDAG>
					<OPENING>09:00</OPENING>
					<SLUITING>17:00</SLUITING>
				</ZATERDAG>
			</OPENINGSTIJDEN>
			<!-- Wat biedt deze verkoop afdeling naast verkoop -->
			<DIENSTEN>
				<LENEN />
			</DIENSTEN>
			<!-- Verkoop van de gebruikte auto's -->
			<OCCASIONS>
				<AUTO kenteken="05-RX-DT" merk="Audi">
					<MODEL>A3</MODEL>
					<BOUWJAAR>2005</BOUWJAAR>
					<BRANDSTOF naam="Euro_95" />
					<PRIJS>4.950,-</PRIJS>
					<APK-VERLOOP-DATUM>19-04-2018</APK-VERLOOP-DATUM>
					<FOTOS>
						<FOTO>
							<URL>3986217_1.jpg</URL>
							<ALT>Audi 1</ALT>
						</FOTO>
						<FOTO>
							<URL>3986217_3.jpg</URL>
							<ALT>Audi 2</ALT>
						</FOTO>
						<FOTO>
							<URL>3986217_7.jpg</URL>
							<ALT>Audi 3</ALT>
						</FOTO>
					</FOTOS>
				</AUTO>
				<AUTO kenteken="90-XK-LR" merk="BMW">
					<MODEL>1 serie</MODEL>
					<BOUWJAAR>2007</BOUWJAAR>
					<BRANDSTOF naam="Euro_95"/>
					<PRIJS>6.650,-</PRIJS>
					<APK-VERLOOP-DATUM>19-02-2019</APK-VERLOOP-DATUM>
					<FOTOS>
						<FOTO>
							<URL>4275085_2.jpg</URL>
							<ALT>BMW 1 serie</ALT>
						</FOTO>
					</FOTOS>
				</AUTO>
			</OCCASIONS>
		</VERKOOP>
		<!-- De gegevens van de werkplaats van deze garage -->
		<WERKPLAATS>
			<OPENINGSTIJDEN>
				<MAANDAG>
					<OPENING>09:00</OPENING>
					<SLUITING>18:00</SLUITING>
				</MAANDAG>
				<DINSDAG>
					<OPENING>09:00</OPENING>
					<SLUITING>18:00</SLUITING>
				</DINSDAG>
				<WOENSDAG>
					<OPENING>09:00</OPENING>
					<SLUITING>18:00</SLUITING>
				</WOENSDAG>
				<DONDERDAG>
					<OPENING>09:00</OPENING>
					<SLUITING>18:00</SLUITING>
				</DONDERDAG>
				<VRIJDAG>
					<OPENING>09:00</OPENING>
					<SLUITING>18:00</SLUITING>
				</VRIJDAG>
				<ZATERDAG>
					<OPENING>09:00</OPENING>
					<SLUITING>17:00</SLUITING>
				</ZATERDAG>
			</OPENINGSTIJDEN>
			<!-- Werkzaamheden van de garage -->
			<WERKZAAMHEDEN>
				<ONDERHOUD/>
				<APK/>
				<SCHADEHERSTEL/>
				<RUITENREPARATIE/>
				<AIRCOSERVICE/>
				<BANDENSERVICE/>
			</WERKZAAMHEDEN>
		</WERKPLAATS>
		<!-- Certificaten van de garage -->
		<CERTIFICATEN>
			<RDW/>
		</CERTIFICATEN>
		<!-- De medewerkers van deze garage -->
		<MEDEWERKERS>
			<MEDEWERKER>
				<VOORNAAM>John</VOORNAAM>
				<ACHTERNAAM>Jawad</ACHTERNAAM>
				<FOTO>
					<URL>8181 Image content page 724x260 filter NL.jpg</URL>
					<ALT>John Jawad</ALT>
				</FOTO>
				<FUNCTIE naam="Eigenaar" />
			</MEDEWERKER>
		</MEDEWERKERS>
	</GARAGE>
	<!-- Garages Kevin -->
	<!-- GARAGE 1 -->
	<GARAGE>
		<NAAM>Van Heeren auto's</NAAM>
		<ADRESGEGEVENS>
			<STRAAT>Lindenlaan</STRAAT>
			<HUISNUMMER>17</HUISNUMMER>
			<POSTCODE>6024 AE</POSTCODE>
			<PLAATS>Budel-Dorplein</PLAATS>
			<PROVINCIE>Noord-Brabant</PROVINCIE>
		</ADRESGEGEVENS>
		<TELEFOONNUMMER>0613842544</TELEFOONNUMMER>
		<EMAIL>auto@vanheeren.nl</EMAIL>
		<VERKOOP>
			<!-- openingstijden van het verkoop gedeelte van deze garage -->
			<OPENINGSTIJDEN>
				<ZONDAG>
					<OPENING>10:00</OPENING>
					<SLUITING>12:30</SLUITING>
				</ZONDAG>
				<MAANDAG>
					<OPENING>08:00</OPENING>
					<SLUITING>12:30</SLUITING>
					<OPENING>13:00</OPENING>
					<SLUITING>17:00</SLUITING>
				</MAANDAG>
				<DINSDAG>
					<OPENING>08:00</OPENING>
					<SLUITING>12:30</SLUITING>
					<OPENING>13:00</OPENING>
					<SLUITING>17:00</SLUITING>
				</DINSDAG>
				<WOENSDAG>
					<OPENING>08:00</OPENING>
					<SLUITING>12:30</SLUITING>
					<OPENING>13:00</OPENING>
					<SLUITING>17:00</SLUITING>
				</WOENSDAG>
				<DONDERDAG>
					<OPENING>08:00</OPENING>
					<SLUITING>12:30</SLUITING>
					<OPENING>13:00</OPENING>
					<SLUITING>17:00</SLUITING>
				</DONDERDAG>
				<VRIJDAG>
					<OPENING>08:00</OPENING>
					<SLUITING>12:30</SLUITING>
					<OPENING>13:00</OPENING>
					<SLUITING>17:00</SLUITING>
				</VRIJDAG>
				<ZATERDAG>
					<OPENING>08:00</OPENING>
					<SLUITING>12:30</SLUITING>
					<OPENING>13:00</OPENING>
					<SLUITING>17:00</SLUITING>
				</ZATERDAG>
			</OPENINGSTIJDEN>
			<DIENSTEN>
				<LENEN/>
			</DIENSTEN>
			<OCCASIONS>
				<AUTO kenteken="88AXRD" merk="Volkswagen">
					<MODEL>Beetle</MODEL>
					<BOUWJAAR>2016</BOUWJAAR>
					<BRANDSTOF naam="Euro_95" />
					<PRIJS>26000,-</PRIJS>
					<APK-VERLOOP-DATUM>13-04-2018</APK-VERLOOP-DATUM>
					<FOTOS>
						<FOTO>
							<URL>88AXRD.jpg</URL>
							<ALT>Beetle</ALT>
						</FOTO>
					</FOTOS>
				</AUTO>
				<AUTO kenteken="98VC44" merk="Volkswagen">
					<MODEL>Polo</MODEL>
					<BOUWJAAR>2001</BOUWJAAR>
					<BRANDSTOF naam="Euro_95" />
					<PRIJS>17000,-</PRIJS>
					<APK-VERLOOP-DATUM>05-05-2018</APK-VERLOOP-DATUM>
					<FOTOS>
						<FOTO>
							<URL>ditisgeenafbeelding.jpg</URL>
							<ALT>Beetle</ALT>
						</FOTO>
					</FOTOS>
				</AUTO>
			</OCCASIONS>
			<NIEUWE-AUTOS>
				<AUTO merk="Volkswagen">
					<MODEL>Arteon</MODEL>
					<BOUWJAAR>2018</BOUWJAAR>
					<BRANDSTOF naam="Diesel"/>
					<PRIJS>40250,08</PRIJS>
					<APK-VERLOOP-DATUM>29-01-2020</APK-VERLOOP-DATUM>
					<FOTOS>
						<FOTO>
							<URL>arteon.jpg</URL>
							<ALT>Auto</ALT>
						</FOTO>
					</FOTOS>
				</AUTO>
				<AUTO merk="Tesla">
					<MODEL>Model S</MODEL>
					<BOUWJAAR>2018</BOUWJAAR>
					<BRANDSTOF naam="Diesel"/>
					<PRIJS>92500,00</PRIJS>
					<APK-VERLOOP-DATUM>20-12-2020</APK-VERLOOP-DATUM>
					<FOTOS>
						<FOTO>
							<URL>modelS.jpg</URL>
							<ALT>Tesla</ALT>
						</FOTO>
					</FOTOS>
				</AUTO>
			</NIEUWE-AUTOS>
		</VERKOOP>
		<WERKPLAATS>
			<OPENINGSTIJDEN>
				<MAANDAG>
					<OPENING>08:00</OPENING>
					<SLUITING>12:30</SLUITING>
					<OPENING>13:00</OPENING>
					<SLUITING>17:00</SLUITING>
				</MAANDAG>
				<DINSDAG>
					<OPENING>08:00</OPENING>
					<SLUITING>12:30</SLUITING>
					<OPENING>13:00</OPENING>
					<SLUITING>17:00</SLUITING>
				</DINSDAG>
				<WOENSDAG>
					<OPENING>08:00</OPENING>
					<SLUITING>12:30</SLUITING>
					<OPENING>13:00</OPENING>
					<SLUITING>17:00</SLUITING>
				</WOENSDAG>
				<DONDERDAG>
					<OPENING>08:00</OPENING>
					<SLUITING>12:30</SLUITING>
					<OPENING>13:00</OPENING>
					<SLUITING>17:00</SLUITING>
				</DONDERDAG>
				<VRIJDAG>
					<OPENING>08:00</OPENING>
					<SLUITING>12:30</SLUITING>
					<OPENING>13:00</OPENING>
					<SLUITING>17:00</SLUITING>
				</VRIJDAG>
			</OPENINGSTIJDEN>
			<WERKZAAMHEDEN>
				<ONDERHOUD/>
				<APK/>
				<RUITENREPARATIE/>
				<AIRCOSERVICE/>
			</WERKZAAMHEDEN>
		</WERKPLAATS>
		<CERTIFICATEN>
			<BOVAG/>
			<RDW/>
		</CERTIFICATEN>
		<MEDEWERKERS>
			<MEDEWERKER>
				<VOORNAAM>Hendrikus</VOORNAAM>
				<ACHTERNAAM>van Heeren</ACHTERNAAM>
				<FOTO>
					<URL>hendrikus.jpeg</URL>
					<ALT>Hendrikus</ALT>
				</FOTO>
				<FUNCTIE naam="Eigenaar" />
			</MEDEWERKER>
			<MEDEWERKER>
				<VOORNAAM>Harry</VOORNAAM>
				<ACHTERNAAM>van Heeren</ACHTERNAAM>
				<FOTO>
					<URL>1.jpg</URL>
					<ALT>Harry</ALT>
				</FOTO>
				<FUNCTIE naam="Bandenspecialist" />
			</MEDEWERKER>
			<MEDEWERKER>
				<VOORNAAM>Eddy</VOORNAAM>
				<ACHTERNAAM>de Jong</ACHTERNAAM>
				<FOTO>
					<URL>dave.jpg</URL>
					<ALT>Eddie</ALT>
				</FOTO>
				<FUNCTIE naam="Hoofd monteur" />
			</MEDEWERKER>
		</MEDEWERKERS>
	</GARAGE>
	<!-- GARAGE 2 -->
	<GARAGE>
		<NAAM>Autofirst vakgarage</NAAM>
		<ADRESGEGEVENS>
			<STRAAT>Phillipsweg</STRAAT>
			<HUISNUMMER>41</HUISNUMMER>
			<POSTCODE>8754 AB</POSTCODE>
			<PLAATS>Groningen</PLAATS>
			<PROVINCIE>Groningen</PROVINCIE>
		</ADRESGEGEVENS>
		<TELEFOONNUMMER>0568415624</TELEFOONNUMMER>
		<EMAIL>info@autofirst.nl</EMAIL>
		<VERKOOP>
			<!-- openingstijden van het verkoop gedeelte van deze garage -->
			<OPENINGSTIJDEN>
				<MAANDAG>
					<OPENING>08:00</OPENING>
					<SLUITING>18:00</SLUITING>
				</MAANDAG>
				<DINSDAG>
					<OPENING>08:00</OPENING>
					<SLUITING>18:00</SLUITING>
				</DINSDAG>
				<WOENSDAG>
					<OPENING>08:00</OPENING>
					<SLUITING>18:00</SLUITING>
				</WOENSDAG>
				<DONDERDAG>
					<OPENING>08:00</OPENING>
					<SLUITING>18:00</SLUITING>
				</DONDERDAG>
				<VRIJDAG>
					<OPENING>08:00</OPENING>
					<SLUITING>18:00</SLUITING>
				</VRIJDAG>
				<ZATERDAG>
					<OPENING>09:00</OPENING>
					<SLUITING>16:00</SLUITING>
				</ZATERDAG>
			</OPENINGSTIJDEN>
			<DIENSTEN>
				<LENEN/>
			</DIENSTEN>
			<!-- Garage met nieuwe auto's en occasions en meerdere foto's-->
			<OCCASIONS>
				<AUTO kenteken="NP-40-1N" merk="Audi">
					<MODEL>A5 2.0</MODEL>
					<BOUWJAAR>2010</BOUWJAAR>
					<BRANDSTOF naam="Euro_95" />
					<PRIJS>27950,00</PRIJS>
					<APK-VERLOOP-DATUM>02-04-2018</APK-VERLOOP-DATUM>
					<FOTOS>
						<FOTO>
							<URL>15394489-1.jpg</URL>
							<ALT>Audi 1</ALT>
						</FOTO>
						<FOTO>
							<URL>15394489-2.jpg</URL>
							<ALT>Audi 2</ALT>
						</FOTO>
						<FOTO>
							<URL>15394489-3.jpg</URL>
							<ALT>Audi 3</ALT>
						</FOTO>
						<FOTO>
							<URL>15394489-4.jpg</URL>
							<ALT>Audi 4</ALT>
						</FOTO>
						<FOTO>
							<URL>15394489-5.jpg</URL>
							<ALT>Audi 5</ALT>
						</FOTO>
						<FOTO>
							<URL>15394489-6.jpg</URL>
							<ALT>Audi 6</ALT>
						</FOTO>
					</FOTOS>
				</AUTO>
			</OCCASIONS>
		</VERKOOP>
		<WERKPLAATS>
			<OPENINGSTIJDEN>
				<MAANDAG>
					<OPENING>08:00</OPENING>
					<SLUITING>18:00</SLUITING>
				</MAANDAG>
				<DINSDAG>
					<OPENING>08:00</OPENING>
					<SLUITING>18:00</SLUITING>
				</DINSDAG>
				<WOENSDAG>
					<OPENING>08:00</OPENING>
					<SLUITING>18:00</SLUITING>
				</WOENSDAG>
				<DONDERDAG>
					<OPENING>08:00</OPENING>
					<SLUITING>18:00</SLUITING>
				</DONDERDAG>
				<VRIJDAG>
					<OPENING>08:00</OPENING>
					<SLUITING>18:00</SLUITING>
				</VRIJDAG>
				<ZATERDAG>
					<OPENING>09:00</OPENING>
					<SLUITING>16:00</SLUITING>
				</ZATERDAG>
			</OPENINGSTIJDEN>
			<WERKZAAMHEDEN>
				<ONDERHOUD/>
				<APK/>
				<SCHADEHERSTEL/>
				<RUITENREPARATIE/>
				<AIRCOSERVICE/>
				<BANDENSERVICE/>
			</WERKZAAMHEDEN>
		</WERKPLAATS>
		<MEDEWERKERS>
			<MEDEWERKER>
				<VOORNAAM>Jesse</VOORNAAM>
				<ACHTERNAAM>de Jong</ACHTERNAAM>
				<FOTO>
					<URL>1.png</URL>
					<ALT>Jesse</ALT>
				</FOTO>
				<FUNCTIE naam="Eigenaar" />
			</MEDEWERKER>
			<MEDEWERKER>
				<VOORNAAM>Eddy</VOORNAAM>
				<ACHTERNAAM>de Jong</ACHTERNAAM>
				<FOTO>
					<URL>Eddy-290x435.jpg</URL>
					<ALT>Eddie</ALT>
				</FOTO>
				<FUNCTIE naam="Hoofd monteur" />
			</MEDEWERKER>
		</MEDEWERKERS>
		<FACILITEITEN>
			<WASSEN>
				<WASSTRATEN>
					<WASSTRAAT nummer="1">
						<PRIJS>5,00</PRIJS>
					</WASSTRAAT>
				</WASSTRATEN>
			</WASSEN>
		</FACILITEITEN>
	</GARAGE>
	<!-- GARAGE 3 -->
	<GARAGE>
		<NAAM>De Mol garage</NAAM>
		<ADRESGEGEVENS>
			<STRAAT>Molenweg</STRAAT>
			<HUISNUMMER>1</HUISNUMMER>
			<POSTCODE>4142 JZ</POSTCODE>
			<PLAATS>Emmen</PLAATS>
			<PROVINCIE>Drenthe</PROVINCIE>
		</ADRESGEGEVENS>
		<TELEFOONNUMMER>0542 244225</TELEFOONNUMMER>
		<EMAIL>info@demol-emmen.nl</EMAIL>
		<VERKOOP>
			<!-- openingstijden van het verkoop gedeelte van deze garage -->
			<OPENINGSTIJDEN>
				<MAANDAG>
					<OPENING>08:30</OPENING>
					<SLUITING>18:00</SLUITING>
				</MAANDAG>
				<DINSDAG>
					<OPENING>08:30</OPENING>
					<SLUITING>18:00</SLUITING>
				</DINSDAG>
				<WOENSDAG>
					<OPENING>08:30</OPENING>
					<SLUITING>18:00</SLUITING>
				</WOENSDAG>
				<DONDERDAG>
					<OPENING>08:30</OPENING>
					<SLUITING>18:00</SLUITING>
				</DONDERDAG>
				<VRIJDAG>
					<OPENING>08:30</OPENING>
					<SLUITING>18:00</SLUITING>
				</VRIJDAG>
			</OPENINGSTIJDEN>
			<DIENSTEN>
				<VERHUUR/>
				<LENEN/>
			</DIENSTEN>
			<!-- Garage met nieuwe auto's en occasions -->
			<OCCASIONS>
				<AUTO kenteken="23AKW2" merk="Renault">
					<MODEL>Kangoo Express</MODEL>
					<BOUWJAAR>2014</BOUWJAAR>
					<BRANDSTOF naam="Diesel" />
					<PRIJS>3500,00</PRIJS>
					<APK-VERLOOP-DATUM>02-04-2017</APK-VERLOOP-DATUM>
					<FOTOS>
						<FOTO>
							<URL>knagoo.jpg</URL>
							<ALT>Renault Kangoo Express</ALT>
						</FOTO>
					</FOTOS>
				</AUTO>
			</OCCASIONS>
			<NIEUWE-AUTOS>
				<AUTO merk="Tesla">
					<MODEL>Model 3</MODEL>
					<BOUWJAAR>2018</BOUWJAAR>
					<BRANDSTOF naam="Diesel"/>
					<PRIJS>72500,00</PRIJS>
					<APK-VERLOOP-DATUM>20-12-2020</APK-VERLOOP-DATUM>
					<FOTOS>
						<FOTO>
							<URL>model3.jpg</URL>
							<ALT>Tesla</ALT>
						</FOTO>
					</FOTOS>
				</AUTO>
			</NIEUWE-AUTOS>
		</VERKOOP>
		<WERKPLAATS>
			<OPENINGSTIJDEN>
				<MAANDAG>
					<OPENING>08:30</OPENING>
					<SLUITING>18:00</SLUITING>
				</MAANDAG>
				<DINSDAG>
					<OPENING>08:30</OPENING>
					<SLUITING>18:00</SLUITING>
				</DINSDAG>
				<WOENSDAG>
					<OPENING>08:30</OPENING>
					<SLUITING>18:00</SLUITING>
				</WOENSDAG>
				<DONDERDAG>
					<OPENING>08:30</OPENING>
					<SLUITING>18:00</SLUITING>
				</DONDERDAG>
				<VRIJDAG>
					<OPENING>08:30</OPENING>
					<SLUITING>18:00</SLUITING>
				</VRIJDAG>
			</OPENINGSTIJDEN>
			<WERKZAAMHEDEN>
				<ONDERHOUD />
				<APK />
				<SCHADEHERSTEL />
				<RUITENREPARATIE/>
				<AIRCOSERVICE/>
				<BANDENSERVICE/>
			</WERKZAAMHEDEN>
		</WERKPLAATS>
		<MEDEWERKERS>
			<MEDEWERKER>
				<VOORNAAM>Gerrit</VOORNAAM>
				<ACHTERNAAM>Soepart</ACHTERNAAM>
				<FOTO>
					<URL>1.png</URL>
					<ALT>Gerrit</ALT>
				</FOTO>
				<FUNCTIE naam="Eigenaar" />
			</MEDEWERKER>
		</MEDEWERKERS>
	</GARAGE>
	<!-- GARAGE 4 -->
	<GARAGE>
		<NAAM>CarOne Garage</NAAM>
		<ADRESGEGEVENS>
			<STRAAT>Hoofdstraat </STRAAT>
			<HUISNUMMER>14</HUISNUMMER>
			<POSTCODE>5612 NM</POSTCODE>
			<PLAATS>Ter Apel</PLAATS>
			<PROVINCIE>Groningen</PROVINCIE>
		</ADRESGEGEVENS>
		<TELEFOONNUMMER>0521345844</TELEFOONNUMMER>
		<VERKOOP>
			<!-- openingstijden van het verkoop gedeelte van deze garage -->
			<OPENINGSTIJDEN>
				<MAANDAG>
					<OPENING>08:00</OPENING>
					<SLUITING>18:00</SLUITING>
				</MAANDAG>
				<DINSDAG>
					<OPENING>08:00</OPENING>
					<SLUITING>18:00</SLUITING>
				</DINSDAG>
				<WOENSDAG>
					<OPENING>08:00</OPENING>
					<SLUITING>18:00</SLUITING>
				</WOENSDAG>
				<DONDERDAG>
					<OPENING>08:00</OPENING>
					<SLUITING>18:00</SLUITING>
				</DONDERDAG>
				<VRIJDAG>
					<OPENING>08:00</OPENING>
					<SLUITING>18:00</SLUITING>
				</VRIJDAG>
				<ZATERDAG>
					<OPENING>09:00</OPENING>
					<SLUITING>13:00</SLUITING>
				</ZATERDAG>
			</OPENINGSTIJDEN>
			<DIENSTEN>
				<VERHUUR/>
			</DIENSTEN>
			<OCCASIONS>
				<AUTO kenteken="22klz1" merk="Porsche">
					<MODEL>Carrera 2S</MODEL>
					<BOUWJAAR>2002</BOUWJAAR>
					<BRANDSTOF naam="Euro_95" />
					<PRIJS>4800,00</PRIJS>
					<APK-VERLOOP-DATUM>09-01-2019</APK-VERLOOP-DATUM>
					<FOTOS>
						<FOTO>
							<URL>haha.jpg</URL>
							<ALT>Porsche</ALT>
						</FOTO>
					</FOTOS>
				</AUTO>
			</OCCASIONS>
		</VERKOOP>
		<WERKPLAATS>
			<OPENINGSTIJDEN>
				<MAANDAG>
					<OPENING>08:00</OPENING>
					<SLUITING>18:00</SLUITING>
				</MAANDAG>
				<DINSDAG>
					<OPENING>08:00</OPENING>
					<SLUITING>18:00</SLUITING>
				</DINSDAG>
				<WOENSDAG>
					<OPENING>08:00</OPENING>
					<SLUITING>18:00</SLUITING>
				</WOENSDAG>
				<DONDERDAG>
					<OPENING>08:00</OPENING>
					<SLUITING>18:00</SLUITING>
				</DONDERDAG>
				<VRIJDAG>
					<OPENING>08:00</OPENING>
					<SLUITING>18:00</SLUITING>
				</VRIJDAG>
				<ZATERDAG>
					<OPENING>09:00</OPENING>
					<SLUITING>13:00</SLUITING>
				</ZATERDAG>
			</OPENINGSTIJDEN>
			<WERKZAAMHEDEN>
				<ONDERHOUD/>
				<APK/>
				<SCHADEHERSTEL/>
				<AIRCOSERVICE/>
				<BANDENSERVICE />
			</WERKZAAMHEDEN>
		</WERKPLAATS>
		<MEDEWERKERS>
			<MEDEWERKER>
				<VOORNAAM>Henk</VOORNAAM>
				<ACHTERNAAM>Sok</ACHTERNAAM>
				<FOTO>
					<URL>lel.jpg</URL>
					<ALT>Henk Sok</ALT>
				</FOTO>
				<FUNCTIE naam="Eigenaar" />
			</MEDEWERKER>
		</MEDEWERKERS>
	</GARAGE>
	<!-- GARAGE 5 -->
	<GARAGE>
		<NAAM>CarCustoms garage</NAAM>
		<ADRESGEGEVENS>
			<STRAAT>Industrieweg </STRAAT>
			<HUISNUMMER>12</HUISNUMMER>
			<POSTCODE>9403 AB</POSTCODE>
			<PLAATS>Gasselte</PLAATS>
			<PROVINCIE>Drenthe</PROVINCIE>
		</ADRESGEGEVENS>
		<TELEFOONNUMMER>0594251243</TELEFOONNUMMER>
		<EMAIL>carCustoms@garages.nl</EMAIL>
		<VERKOOP>
			<!-- openingstijden van het verkoop gedeelte van deze garage -->
			<OPENINGSTIJDEN>
				<MAANDAG>
					<OPENING>09:00</OPENING>
					<SLUITING>18:00</SLUITING>
				</MAANDAG>
				<DINSDAG>
					<OPENING>09:00</OPENING>
					<SLUITING>18:00</SLUITING>
				</DINSDAG>
				<WOENSDAG>
					<OPENING>09:00</OPENING>
					<SLUITING>18:00</SLUITING>
				</WOENSDAG>
				<DONDERDAG>
					<OPENING>09:00</OPENING>
					<SLUITING>18:00</SLUITING>
				</DONDERDAG>
				<VRIJDAG>
					<OPENING>09:00</OPENING>
					<SLUITING>18:00</SLUITING>
				</VRIJDAG>
				<ZATERDAG>
					<OPENING>09:00</OPENING>
					<SLUITING>17:00</SLUITING>
				</ZATERDAG>
			</OPENINGSTIJDEN>
			<DIENSTEN>
				<LENEN />
			</DIENSTEN>
			<OCCASIONS>
				<AUTO kenteken="66NTT2" merk="Toyota">
					<MODEL>Aygo</MODEL>
					<BOUWJAAR>2010</BOUWJAAR>
					<BRANDSTOF naam="Euro_95" />
					<PRIJS>5600,-</PRIJS>
					<APK-VERLOOP-DATUM>19-04-2018</APK-VERLOOP-DATUM>
					<FOTOS>
						<FOTO>
							<URL>1.png</URL>
							<ALT>Aygo</ALT>
						</FOTO>
					</FOTOS>
				</AUTO>
				<AUTO kenteken="90-XK-LR" merk="BMW">
					<MODEL>318i</MODEL>
					<BOUWJAAR>2016</BOUWJAAR>
					<BRANDSTOF naam="Euro_95"/>
					<PRIJS>33500,-</PRIJS>
					<APK-VERLOOP-DATUM>19-02-2019</APK-VERLOOP-DATUM>
					<FOTOS>
						<FOTO>
							<URL>lelajsj.jpg</URL>
							<ALT>BMW</ALT>
						</FOTO>
					</FOTOS>
				</AUTO>
			</OCCASIONS>
		</VERKOOP>
		<WERKPLAATS>
			<OPENINGSTIJDEN>
				<MAANDAG>
					<OPENING>09:00</OPENING>
					<SLUITING>18:00</SLUITING>
				</MAANDAG>
				<DINSDAG>
					<OPENING>09:00</OPENING>
					<SLUITING>18:00</SLUITING>
				</DINSDAG>
				<WOENSDAG>
					<OPENING>09:00</OPENING>
					<SLUITING>18:00</SLUITING>
				</WOENSDAG>
				<DONDERDAG>
					<OPENING>09:00</OPENING>
					<SLUITING>18:00</SLUITING>
				</DONDERDAG>
				<VRIJDAG>
					<OPENING>09:00</OPENING>
					<SLUITING>18:00</SLUITING>
				</VRIJDAG>
				<ZATERDAG>
					<OPENING>09:00</OPENING>
					<SLUITING>17:00</SLUITING>
				</ZATERDAG>
			</OPENINGSTIJDEN>
			<WERKZAAMHEDEN>
				<ONDERHOUD/>
				<APK/>
				<SCHADEHERSTEL/>
				<RUITENREPARATIE/>
				<AIRCOSERVICE/>
				<BANDENSERVICE/>
			</WERKZAAMHEDEN>
		</WERKPLAATS>
		<MEDEWERKERS>
			<MEDEWERKER>
				<VOORNAAM>Dave</VOORNAAM>
				<ACHTERNAAM>Derks</ACHTERNAAM>
				<FOTO>
					<URL>geenbestand.png</URL>
					<ALT>Dave</ALT>
				</FOTO>
				<FUNCTIE naam="Eigenaar" />
			</MEDEWERKER>
		</MEDEWERKERS>
	</GARAGE>
	<!-- Garages Yaron -->
	<!-- START NIEUWE GARAGE  -->
	<!--<GARAGES>-->
	<GARAGE>
		<!--BASIS INFORMATIE-->
		<NAAM>Shell coevorden</NAAM>
		<ADRESGEGEVENS>
			<STRAAT>EUROPAWEG </STRAAT>
			<HUISNUMMER>2</HUISNUMMER>
			<POSTCODE>7742 PN</POSTCODE>
			<PLAATS>Coevorden</PLAATS>
			<PROVINCIE>Drenthe</PROVINCIE>
		</ADRESGEGEVENS>
		<TELEFOONNUMMER>0524519209</TELEFOONNUMMER>
		<EMAIL>info@shell.com</EMAIL>
		<VERKOOP>
			<OPENINGSTIJDEN>
				<ZONDAG>
					<OPENING>07:30</OPENING>
					<SLUITING>21:00</SLUITING>
				</ZONDAG>
				<MAANDAG>
					<OPENING>07:00</OPENING>
					<SLUITING>21:00</SLUITING>
				</MAANDAG>
				<DINSDAG>
					<OPENING>07:00</OPENING>
					<SLUITING>21:00</SLUITING>
				</DINSDAG>
				<WOENSDAG>
					<OPENING>07:00</OPENING>
					<SLUITING>21:00</SLUITING>
				</WOENSDAG>
				<DONDERDAG>
					<OPENING>07:00</OPENING>
					<SLUITING>21:00</SLUITING>
				</DONDERDAG>
				<VRIJDAG>
					<OPENING>07:00</OPENING>
					<SLUITING>21:00</SLUITING>
				</VRIJDAG>
				<ZATERDAG>
					<OPENING>07:30</OPENING>
					<SLUITING>21:00</SLUITING>
				</ZATERDAG>
			</OPENINGSTIJDEN>
			<DIENSTEN>
				<LENEN/>
			</DIENSTEN>

			<!--BESCHIKBARE AUTOS-->

			<OCCASIONS>
				<AUTO kenteken="XDLF76" merk="Opel">
					<MODEL>Opel Astra 1.6-16V</MODEL>
					<BOUWJAAR>1998</BOUWJAAR>
					<BRANDSTOF naam="Euro_95" />
					<PRIJS>1594,00</PRIJS>
					<APK-VERLOOP-DATUM>14-11-2018</APK-VERLOOP-DATUM>
					<FOTOS>
						<FOTO>
							<URL>opelastra.jpg</URL>
							<ALT>Auto</ALT>
						</FOTO>
					</FOTOS>
				</AUTO>
				<AUTO kenteken="50LFPF" merk="Rover">
					<MODEL> 45 1.6</MODEL>
					<BOUWJAAR>2003</BOUWJAAR>
					<BRANDSTOF naam="Euro_95" />
					<PRIJS>1950,00</PRIJS>
					<APK-VERLOOP-DATUM>08-09-2018</APK-VERLOOP-DATUM>
					<FOTOS>
						<FOTO>
							<URL>rover.jpg</URL>
							<ALT>Auto</ALT>
						</FOTO>
					</FOTOS>
				</AUTO>
				<AUTO kenteken="NB850X" merk="Audi">
					<MODEL> Q7 etron</MODEL>
					<BOUWJAAR>2016</BOUWJAAR>
					<BRANDSTOF naam="Euro_95" />
					<PRIJS>109791,00</PRIJS>
					<APK-VERLOOP-DATUM>08-09-2020</APK-VERLOOP-DATUM>
					<FOTOS>
						<FOTO>
							<URL>audiq7.jpg</URL>
							<ALT>Auto</ALT>
						</FOTO>
					</FOTOS>
				</AUTO>
			</OCCASIONS>
			<NIEUWE-AUTOS>
				<AUTO merk="BMW">
					<MODEL>I8</MODEL>
					<BOUWJAAR>2018</BOUWJAAR>
					<BRANDSTOF naam="Euro_95"/>
					<PRIJS>100000,00</PRIJS>
					<APK-VERLOOP-DATUM>29-01-2020</APK-VERLOOP-DATUM>
					<FOTOS>
						<FOTO>
							<URL>bmwi8.jpg</URL>
							<ALT>Auto</ALT>
						</FOTO>
					</FOTOS>
				</AUTO>
			</NIEUWE-AUTOS>
		</VERKOOP>
		<WERKPLAATS>
			<OPENINGSTIJDEN>
				<ZONDAG>
					<OPENING>07:30</OPENING>
					<SLUITING>21:00</SLUITING>
				</ZONDAG>
				<MAANDAG>
					<OPENING>07:00</OPENING>
					<SLUITING>21:00</SLUITING>
				</MAANDAG>
				<DINSDAG>
					<OPENING>07:00</OPENING>
					<SLUITING>21:00</SLUITING>
				</DINSDAG>
				<WOENSDAG>
					<OPENING>07:00</OPENING>
					<SLUITING>21:00</SLUITING>
				</WOENSDAG>
				<DONDERDAG>
					<OPENING>07:00</OPENING>
					<SLUITING>21:00</SLUITING>
				</DONDERDAG>
				<VRIJDAG>
					<OPENING>07:00</OPENING>
					<SLUITING>21:00</SLUITING>
				</VRIJDAG>
				<ZATERDAG>
					<OPENING>07:30</OPENING>
					<SLUITING>21:00</SLUITING>
				</ZATERDAG>
			</OPENINGSTIJDEN>
			<WERKZAAMHEDEN>
				<ONDERHOUD/>
				<APK/>
				<SCHADEHERSTEL/>
				<RUITENREPARATIE/>
				<AIRCOSERVICE/>
				<BANDENSERVICE/>
			</WERKZAAMHEDEN>
		</WERKPLAATS>
		<CERTIFICATEN>
			<BOVAG/>
			<RDW/>
		</CERTIFICATEN>
		<MEDEWERKERS>
			<MEDEWERKER>
				<VOORNAAM>Rick</VOORNAAM>
				<ACHTERNAAM>SchoneWille</ACHTERNAAM>
				<FOTO>
					<URL>rickschone.JPG</URL>
					<ALT>Foto</ALT>
				</FOTO>
				<FUNCTIE naam="Verkoper"/>
			</MEDEWERKER>
			<MEDEWERKER>
				<VOORNAAM>Maththijs</VOORNAAM>
				<ACHTERNAAM>Bakker</ACHTERNAAM>
				<FOTO>
					<URL>mathijsbakker.JPG</URL>
					<ALT>Foto</ALT>
				</FOTO>
				<FUNCTIE naam="Verkoper"/>
			</MEDEWERKER>
		</MEDEWERKERS>
		<FACILITEITEN>
			<WASSEN>
				<WASSTRATEN>
					<WASSTRAAT nummer="1">
						<PRIJS>5,00</PRIJS>
					</WASSTRAAT>
				</WASSTRATEN>
			</WASSEN>
		</FACILITEITEN>
	</GARAGE>
	<!-- START NIEUWE GARAGE  -->
	<GARAGE>
		<!--BASIS INFORMATIE-->
		<NAAM>3huizen garage</NAAM>
		<ADRESGEGEVENS>
			<STRAAT>Rembrandtlaan </STRAAT>
			<HUISNUMMER>76</HUISNUMMER>
			<POSTCODE>7741 AK</POSTCODE>
			<PLAATS>Coevorden</PLAATS>
			<PROVINCIE>Drenthe</PROVINCIE>
		</ADRESGEGEVENS>
		<TELEFOONNUMMER>0524 516949</TELEFOONNUMMER>
		<EMAIL>info@3huizen.nl</EMAIL>
		<VERKOOP>
			<OPENINGSTIJDEN>
				<MAANDAG>
					<OPENING>09:30</OPENING>
					<SLUITING>18:00</SLUITING>
				</MAANDAG>
				<DINSDAG>
					<OPENING>09:30</OPENING>
					<SLUITING>18:00</SLUITING>
				</DINSDAG>
				<WOENSDAG>
					<OPENING>09:30</OPENING>
					<SLUITING>18:00</SLUITING>
				</WOENSDAG>
				<DONDERDAG>
					<OPENING>09:30</OPENING>
					<SLUITING>18:00</SLUITING>
				</DONDERDAG>
				<VRIJDAG>
					<OPENING>09:30</OPENING>
					<SLUITING>18:00</SLUITING>
				</VRIJDAG>
				<ZATERDAG>
					<OPENING>09:30</OPENING>
					<SLUITING>18:00</SLUITING>
				</ZATERDAG>
			</OPENINGSTIJDEN>
			<DIENSTEN>
				<LENEN/>
			</DIENSTEN>

			<!--BESCHIKBARE AUTOS-->

			<OCCASIONS>
				<AUTO kenteken="69LZNV" merk="Mini">
					<MODEL> Toyota Yaris Verso</MODEL>
					<BOUWJAAR>2003</BOUWJAAR>
					<BRANDSTOF naam="Euro_95" />
					<PRIJS>3450,00</PRIJS>
					<APK-VERLOOP-DATUM>13-11-2018</APK-VERLOOP-DATUM>
					<FOTOS>
						<FOTO>
							<URL>toyotayaris.jpg</URL>
							<ALT>Auto</ALT>
						</FOTO>
					</FOTOS>
				</AUTO>
			</OCCASIONS>
		</VERKOOP>
		<WERKPLAATS>
			<OPENINGSTIJDEN>
				<MAANDAG>
					<OPENING>09:30</OPENING>
					<SLUITING>18:00</SLUITING>
				</MAANDAG>
				<DINSDAG>
					<OPENING>09:30</OPENING>
					<SLUITING>18:00</SLUITING>
				</DINSDAG>
				<WOENSDAG>
					<OPENING>09:30</OPENING>
					<SLUITING>18:00</SLUITING>
				</WOENSDAG>
				<DONDERDAG>
					<OPENING>09:30</OPENING>
					<SLUITING>18:00</SLUITING>
				</DONDERDAG>
				<VRIJDAG>
					<OPENING>09:30</OPENING>
					<SLUITING>18:00</SLUITING>
				</VRIJDAG>
			</OPENINGSTIJDEN>
			<WERKZAAMHEDEN>
				<ONDERHOUD/>
				<APK/>
				<AIRCOSERVICE/>
			</WERKZAAMHEDEN>
		</WERKPLAATS>
		<MEDEWERKERS>
			<MEDEWERKER>
				<VOORNAAM>Alex</VOORNAAM>
				<ACHTERNAAM>Driehuizen</ACHTERNAAM>
				<FOTO>
					<URL>alexdrie.JPG</URL>
					<ALT>Alex Driehuizen</ALT>
				</FOTO>
				<FUNCTIE naam="Monteur" />
			</MEDEWERKER>
			<MEDEWERKER>
				<VOORNAAM>Ricka</VOORNAAM>
				<ACHTERNAAM>Driehuizen</ACHTERNAAM>
				<FOTO>
					<URL>rickadrie.jpg</URL>
					<ALT>Ricka Driehuizen</ALT>
				</FOTO>
				<FUNCTIE naam="Telefonist" />
			</MEDEWERKER>
		</MEDEWERKERS>
	</GARAGE>
	<!-- START NIEUWE GARAGE  -->
	<GARAGE>
		<!--BASIS INFORMATIE-->

		<NAAM>TinQ coevorden</NAAM>
		<ADRESGEGEVENS>
			<STRAAT>Krimweg</STRAAT>
			<HUISNUMMER>22</HUISNUMMER>
			<POSTCODE>7741 KJ</POSTCODE>
			<PLAATS>Coevorden</PLAATS>
			<PROVINCIE>Drenthe</PROVINCIE>
		</ADRESGEGEVENS>
		<TELEFOONNUMMER>0341 439000</TELEFOONNUMMER>
		<EMAIL>info@tinQ.nl</EMAIL>
		<VERKOOP>
			<OPENINGSTIJDEN>
				<ZONDAG>
					<OPENING>00:00</OPENING>
					<SLUITING>24:00</SLUITING>
				</ZONDAG>
				<MAANDAG>
					<OPENING>00:00</OPENING>
					<SLUITING>24:00</SLUITING>
				</MAANDAG>
				<DINSDAG>
					<OPENING>00:00</OPENING>
					<SLUITING>24:00</SLUITING>
				</DINSDAG>
				<WOENSDAG>
					<OPENING>00:00</OPENING>
					<SLUITING>24:00</SLUITING>
				</WOENSDAG>
				<DONDERDAG>
					<OPENING>00:00</OPENING>
					<SLUITING>24:00</SLUITING>
				</DONDERDAG>
				<VRIJDAG>
					<OPENING>00:00</OPENING>
					<SLUITING>24:00</SLUITING>
				</VRIJDAG>
				<ZATERDAG>
					<OPENING>00:00</OPENING>
					<SLUITING>24:00</SLUITING>
				</ZATERDAG>
			</OPENINGSTIJDEN>
			<DIENSTEN>
				<VERHUUR/>
				<LENEN/>
			</DIENSTEN>

			<!--BESCHIKBARE AUTOS-->

			<OCCASIONS>
				<AUTO kenteken="87PVXP" merk="Fiat">
					<MODEL>Idea</MODEL>
					<BOUWJAAR>2004</BOUWJAAR>
					<BRANDSTOF naam="Premium_Benzine" />
					<PRIJS>2150,00</PRIJS>
					<APK-VERLOOP-DATUM>13-08-2018</APK-VERLOOP-DATUM>
					<FOTOS>
						<FOTO>
							<URL>fiatidea.jpg</URL>
							<ALT>Auto</ALT>
						</FOTO>
					</FOTOS>
				</AUTO>
			</OCCASIONS>
			<NIEUWE-AUTOS>
				<AUTO merk="Mercedes">
					<MODEL>S600 AMG</MODEL>
					<BOUWJAAR>2018</BOUWJAAR>
					<BRANDSTOF naam="Euro_95"/>
					<PRIJS>180000,00</PRIJS>
					<APK-VERLOOP-DATUM>29-01-2020</APK-VERLOOP-DATUM>
					<FOTOS>
						<FOTO>
							<URL>s600amg.jpg</URL>
							<ALT>Auto</ALT>
						</FOTO>
					</FOTOS>
				</AUTO>
			</NIEUWE-AUTOS>
		</VERKOOP>
		<WERKPLAATS>
			<OPENINGSTIJDEN>
				<MAANDAG>
					<OPENING>08:00</OPENING>
					<SLUITING>18:00</SLUITING>
				</MAANDAG>
				<DINSDAG>
					<OPENING>08:00</OPENING>
					<SLUITING>18:00</SLUITING>
				</DINSDAG>
				<WOENSDAG>
					<OPENING>08:00</OPENING>
					<SLUITING>18:00</SLUITING>
				</WOENSDAG>
				<DONDERDAG>
					<OPENING>08:00</OPENING>
					<SLUITING>18:00</SLUITING>
				</DONDERDAG>
				<VRIJDAG>
					<OPENING>08:00</OPENING>
					<SLUITING>18:00</SLUITING>
				</VRIJDAG>
				<ZATERDAG>
					<OPENING>10:00</OPENING>
					<SLUITING>16:30</SLUITING>
				</ZATERDAG>
			</OPENINGSTIJDEN>
			<WERKZAAMHEDEN>
				<APK/>
				<BANDENSERVICE/>
			</WERKZAAMHEDEN>
		</WERKPLAATS>
		<CERTIFICATEN/>
		<MEDEWERKERS>
			<MEDEWERKER>
				<VOORNAAM>Henk</VOORNAAM>
				<ACHTERNAAM>Visser</ACHTERNAAM>
				<FOTO>
					<URL>henkvisser.JPG</URL>
					<ALT>Foto</ALT>
				</FOTO>
				<FUNCTIE naam="Eigenaar" />
			</MEDEWERKER>
		</MEDEWERKERS>
	</GARAGE>
	<!-- START NIEUWE GARAGE  -->
	<GARAGE>
		<!--BASIS INFORMATIE-->

		<NAAM>Autopaas Emmen</NAAM>
		<ADRESGEGEVENS>
			<STRAAT>Magelhaenstraat</STRAAT>
			<HUISNUMMER>1</HUISNUMMER>
			<POSTCODE>7825 VL</POSTCODE>
			<PLAATS>Emmen</PLAATS>
			<PROVINCIE>Drenthe</PROVINCIE>
		</ADRESGEGEVENS>
		<TELEFOONNUMMER>0591 630848</TELEFOONNUMMER>
		<EMAIL>info@autopaas.nl</EMAIL>
		<VERKOOP>
			<OPENINGSTIJDEN>
				<MAANDAG>
					<OPENING>08:00</OPENING>
					<SLUITING>18:00</SLUITING>
				</MAANDAG>
				<DINSDAG>
					<OPENING>08:00</OPENING>
					<SLUITING>18:00</SLUITING>
				</DINSDAG>
				<WOENSDAG>
					<OPENING>08:00</OPENING>
					<SLUITING>18:00</SLUITING>
				</WOENSDAG>
				<DONDERDAG>
					<OPENING>08:00</OPENING>
					<SLUITING>18:00</SLUITING>
					<OPENING>19:00</OPENING>
					<SLUITING>21:00</SLUITING>
				</DONDERDAG>
				<VRIJDAG>
					<OPENING>08:00</OPENING>
					<SLUITING>18:00</SLUITING>
				</VRIJDAG>
				<ZATERDAG>
					<OPENING>10:00</OPENING>
					<SLUITING>17:00</SLUITING>
				</ZATERDAG>
			</OPENINGSTIJDEN>
			<DIENSTEN>
			</DIENSTEN>

			<!--BESCHIKBARE AUTOS-->

			<OCCASIONS>
				<AUTO kenteken="70HJK7" merk="Audi">
					<MODEL>A3</MODEL>
					<BOUWJAAR>2009</BOUWJAAR>
					<BRANDSTOF naam="Euro_95"/>
					<PRIJS>10950,00</PRIJS>
					<APK-VERLOOP-DATUM>13-04-2018</APK-VERLOOP-DATUM>
					<FOTOS>
						<FOTO>
							<URL>audia3.jpg</URL>
							<ALT>Auto</ALT>
						</FOTO>
					</FOTOS>
				</AUTO>
			</OCCASIONS>
		</VERKOOP>
		<WERKPLAATS>
			<OPENINGSTIJDEN>
				<MAANDAG>
					<OPENING>08:00</OPENING>
					<SLUITING>18:00</SLUITING>
				</MAANDAG>
				<DINSDAG>
					<OPENING>08:00</OPENING>
					<SLUITING>18:00</SLUITING>
				</DINSDAG>
				<WOENSDAG>
					<OPENING>08:00</OPENING>
					<SLUITING>18:00</SLUITING>
				</WOENSDAG>
				<DONDERDAG>
					<OPENING>08:00</OPENING>
					<SLUITING>18:00</SLUITING>
				</DONDERDAG>
				<VRIJDAG>
					<OPENING>08:00</OPENING>
					<SLUITING>18:00</SLUITING>
				</VRIJDAG>
				<ZATERDAG>
					<OPENING>10:00</OPENING>
					<SLUITING>16:30</SLUITING>
				</ZATERDAG>
			</OPENINGSTIJDEN>
			<WERKZAAMHEDEN>
				<ONDERHOUD/>
				<APK/>
				<AIRCOSERVICE/>
				<BANDENSERVICE/>
			</WERKZAAMHEDEN>
		</WERKPLAATS>
		<CERTIFICATEN/>
		<MEDEWERKERS>
			<MEDEWERKER>
				<VOORNAAM>Jan</VOORNAAM>
				<ACHTERNAAM>Aardema</ACHTERNAAM>
				<FOTO>
					<URL>jan.JPG</URL>
					<ALT>Foto</ALT>
				</FOTO>
				<FUNCTIE naam="Monteur"/>
			</MEDEWERKER>
		</MEDEWERKERS>
	</GARAGE>
	<!-- START NIEUWE GARAGE  -->
	<GARAGE>
		<!--BASIS INFORMATIE-->

		<NAAM>Auto Hoge Emmen bv</NAAM>
		<ADRESGEGEVENS>
			<STRAAT>Jacob Le Mairestraat</STRAAT>
			<HUISNUMMER>231</HUISNUMMER>
			<POSTCODE>7825 XE</POSTCODE>
			<PLAATS>Emmen</PLAATS>
			<PROVINCIE>Drenthe</PROVINCIE>
		</ADRESGEGEVENS>
		<TELEFOONNUMMER>0591 531915</TELEFOONNUMMER>
		<EMAIL>info@autohoge.nl</EMAIL>
		<VERKOOP>
			<OPENINGSTIJDEN>
				<MAANDAG>
					<OPENING>09:30</OPENING>
					<SLUITING>17:30</SLUITING>
				</MAANDAG>
				<DINSDAG>
					<OPENING>09:30</OPENING>
					<SLUITING>17:30</SLUITING>
				</DINSDAG>
				<WOENSDAG>
					<OPENING>09:30</OPENING>
					<SLUITING>17:30</SLUITING>
				</WOENSDAG>
				<DONDERDAG>
					<OPENING>09:30</OPENING>
					<SLUITING>17:30</SLUITING>
				</DONDERDAG>
				<VRIJDAG>
					<OPENING>09:30</OPENING>
					<SLUITING>17:30</SLUITING>
				</VRIJDAG>
				<ZATERDAG>
					<OPENING>09:30</OPENING>
					<SLUITING>16:30</SLUITING>
				</ZATERDAG>
			</OPENINGSTIJDEN>
			<DIENSTEN>
			</DIENSTEN>

			<!--BESCHIKBARE AUTOS-->

			<OCCASIONS>
				<AUTO kenteken="8SPD66" merk="Audi">
					<MODEL>A5</MODEL>
					<BOUWJAAR>2008</BOUWJAAR>
					<BRANDSTOF naam="Diesel"/>
					<PRIJS>11948,00</PRIJS>
					<APK-VERLOOP-DATUM>13-04-2018</APK-VERLOOP-DATUM>
					<FOTOS>
						<FOTO>
							<URL>audia5.jpg</URL>
							<ALT>Auto</ALT>
						</FOTO>
					</FOTOS>
				</AUTO>
				<AUTO kenteken="PP089R" merk="Tesla">
					<MODEL>X</MODEL>
					<BOUWJAAR>2017</BOUWJAAR>
					<BRANDSTOF naam="Diesel"/>
					<PRIJS>141700,00</PRIJS>
					<APK-VERLOOP-DATUM>13-04-2018</APK-VERLOOP-DATUM>
					<FOTOS>
						<FOTO>
							<URL>modelx.png</URL>
							<ALT>Auto</ALT>
						</FOTO>
					</FOTOS>
				</AUTO>
			</OCCASIONS>
			<NIEUWE-AUTOS>
				<AUTO merk="BMW">
					<MODEL>750LI</MODEL>
					<BOUWJAAR>2018</BOUWJAAR>
					<BRANDSTOF naam="Euro_95"/>
					<PRIJS>130000,00</PRIJS>
					<APK-VERLOOP-DATUM>29-01-2020</APK-VERLOOP-DATUM>
					<FOTOS>
						<FOTO>
							<URL>bmw7li.jpg</URL>
							<ALT>Auto</ALT>
						</FOTO>
					</FOTOS>
				</AUTO>
			</NIEUWE-AUTOS>
		</VERKOOP>
		<WERKPLAATS>
			<OPENINGSTIJDEN>
				<MAANDAG>
					<OPENING>09:30</OPENING>
					<SLUITING>17:30</SLUITING>
				</MAANDAG>
				<DINSDAG>
					<OPENING>09:30</OPENING>
					<SLUITING>17:30</SLUITING>
				</DINSDAG>
				<WOENSDAG>
					<OPENING>09:30</OPENING>
					<SLUITING>17:30</SLUITING>
				</WOENSDAG>
				<DONDERDAG>
					<OPENING>09:30</OPENING>
					<SLUITING>17:30</SLUITING>
				</DONDERDAG>
				<VRIJDAG>
					<OPENING>09:30</OPENING>
					<SLUITING>17:30</SLUITING>
				</VRIJDAG>
				<ZATERDAG>
					<OPENING>09:30</OPENING>
					<SLUITING>16:30</SLUITING>
				</ZATERDAG>
			</OPENINGSTIJDEN>
			<WERKZAAMHEDEN>
				<ONDERHOUD/>
				<APK/>
				<AIRCOSERVICE/>
				<BANDENSERVICE/>
			</WERKZAAMHEDEN>
		</WERKPLAATS>
		<CERTIFICATEN/>
		<MEDEWERKERS>
			<MEDEWERKER>
				<VOORNAAM>Frank</VOORNAAM>
				<ACHTERNAAM>Hoge</ACHTERNAAM>
				<FOTO>
					<URL>frankhoge.JPG</URL>
					<ALT>Foto</ALT>
				</FOTO>
				<FUNCTIE naam="Verkoper"/>
			</MEDEWERKER>
		</MEDEWERKERS>
	</GARAGE>
	<!-- Garages Cornee -->
	<!-- Begin ABS Autoherstel -->
	<GARAGE>
		<NAAM>ABS Autoherstel</NAAM>
		<ADRESGEGEVENS>
			<STRAAT>Strangeweg</STRAAT>
			<HUISNUMMER>20</HUISNUMMER>
			<POSTCODE>7731 GW</POSTCODE>
			<PLAATS>Ommen</PLAATS>
			<PROVINCIE>Overijssel</PROVINCIE>
		</ADRESGEGEVENS>
		<TELEFOONNUMMER>0529 451146</TELEFOONNUMMER>
		<EMAIL>info@absautoherstel.nl</EMAIL>
		<!-- Info over het verkoop gedeelte van deze garage -->
		<VERKOOP>
			<!-- Openingstijden van het verkoop gedeelte van deze garage -->
			<OPENINGSTIJDEN>
				<MAANDAG>
					<OPENING>08:00</OPENING>
					<SLUITING>17:00</SLUITING>
				</MAANDAG>
				<DINSDAG>
					<OPENING>08:00</OPENING>
					<SLUITING>17:00</SLUITING>
				</DINSDAG>
				<WOENSDAG>
					<OPENING>08:00</OPENING>
					<SLUITING>17:00</SLUITING>
				</WOENSDAG>
				<DONDERDAG>
					<OPENING>08:00</OPENING>
					<SLUITING>17:00</SLUITING>
				</DONDERDAG>
				<VRIJDAG>
					<OPENING>08:00</OPENING>
					<SLUITING>17:00</SLUITING>
				</VRIJDAG>
			</OPENINGSTIJDEN>
			<!-- Wat biedt deze verkoop afdeling naast verkoop -->
			<DIENSTEN>
				<VERHUUR />
				<LENEN />
			</DIENSTEN>
			<!-- Verkoop van de gebruikte auto's -->
			<OCCASIONS>
				<AUTO kenteken="22-DE-QQ" merk="Volkswagen">
					<MODEL>Transporter</MODEL>
					<BOUWJAAR>2004</BOUWJAAR>
					<BRANDSTOF naam="Diesel" />
					<PRIJS>3750,00</PRIJS>
					<APK-VERLOOP-DATUM>26-08-2018</APK-VERLOOP-DATUM>
					<FOTOS>
						<FOTO>
							<URL>transporter.jpg</URL>
							<ALT>Volkswagen Transporter Foto</ALT>
						</FOTO>
					</FOTOS>
				</AUTO>
				<AUTO kenteken="53-SZ-KD" merk="Fiat">
					<MODEL>Panda</MODEL>
					<BOUWJAAR>2006</BOUWJAAR>
					<BRANDSTOF naam="Diesel">Diesel</BRANDSTOF>
					<PRIJS>6025,00</PRIJS>
					<APK-VERLOOP-DATUM>26-08-2018</APK-VERLOOP-DATUM>
					<FOTOS>
						<FOTO>
							<URL>fiatpanda.jpeg</URL>
							<ALT>Fiat Panda Foto</ALT>
						</FOTO>
						<FOTO>
							<URL>fiatpandabinnen.jpg</URL>
							<ALT>Fiat Panda Foto</ALT>
						</FOTO>
					</FOTOS>
				</AUTO>
			</OCCASIONS>
		</VERKOOP>
		<!-- De gegevens van de werkplaats deze garage -->
		<WERKPLAATS>
			<OPENINGSTIJDEN>
				<MAANDAG>
					<OPENING>08:00</OPENING>
					<SLUITING>17:00</SLUITING>
				</MAANDAG>
				<DINSDAG>
					<OPENING>08:00</OPENING>
					<SLUITING>17:00</SLUITING>
				</DINSDAG>
				<WOENSDAG>
					<OPENING>08:00</OPENING>
					<SLUITING>17:00</SLUITING>
				</WOENSDAG>
				<DONDERDAG>
					<OPENING>08:00</OPENING>
					<SLUITING>17:00</SLUITING>
				</DONDERDAG>
				<VRIJDAG>
					<OPENING>08:00</OPENING>
					<SLUITING>17:00</SLUITING>
				</VRIJDAG>
			</OPENINGSTIJDEN>
			<!-- Werkzaamheden van de garage -->
			<WERKZAAMHEDEN>
				<ONDERHOUD />
				<APK/>
				<SCHADEHERSTEL/>
				<RUITENREPARATIE/>
				<AIRCOSERVICE/>
				<BANDENSERVICE/>
			</WERKZAAMHEDEN>
		</WERKPLAATS>
		<!-- Certificaten van de garage -->
		<CERTIFICATEN>
			<BOVAG />
			<RDW />
		</CERTIFICATEN>
		<!-- De medewerkers van deze garage -->
		<MEDEWERKERS>
			<MEDEWERKER>
				<VOORNAAM>Cornee</VOORNAAM>
				<ACHTERNAAM>van Blerk</ACHTERNAAM>
				<FOTO>
					<URL>cornee.jpg</URL>
					<ALT>Cornee</ALT>
				</FOTO>
				<FUNCTIE naam="Hoofdmonteur"/>
			</MEDEWERKER>
			<MEDEWERKER>
				<VOORNAAM>Thijs</VOORNAAM>
				<ACHTERNAAM>Janse</ACHTERNAAM>
				<FOTO>
					<URL>janse.jpg</URL>
					<ALT>Thijs Janse</ALT>
				</FOTO>
				<FUNCTIE naam="Professionele koffiedrinker" />
			</MEDEWERKER>
		</MEDEWERKERS>
		<!-- Faciliteiten van de garage -->
		<FACILITEITEN>
			<WASSEN>
				<WASBOXEN>
					<WASBOX>
						<PRIJS>5,00</PRIJS>
					</WASBOX>
					<WASBOX>
						<PRIJS>8,00</PRIJS>
					</WASBOX>
				</WASBOXEN>
			</WASSEN>
		</FACILITEITEN>
	</GARAGE>

	<!-- Begin de Groot Auto's Ommen -->
	<GARAGE>
		<NAAM>De Groot Auto Ommen</NAAM>
		<ADRESGEGEVENS>
			<STRAAT>Strangeweg</STRAAT>
			<HUISNUMMER>11</HUISNUMMER>
			<POSTCODE>7731 GV</POSTCODE>
			<PLAATS>Ommen</PLAATS>
			<PROVINCIE>Overijssel</PROVINCIE>
		</ADRESGEGEVENS>
		<TELEFOONNUMMER>0529 454709</TELEFOONNUMMER>
		<EMAIL>info@degrootautosommen.nl</EMAIL>
		<!-- Info over het verkoop gedeelte van deze garage -->
		<VERKOOP>
			<!-- Openingstijden van het verkoop gedeelte van deze garage -->
			<OPENINGSTIJDEN>
				<MAANDAG>
					<OPENING>08:00</OPENING>
					<SLUITING>17:30</SLUITING>
				</MAANDAG>
				<DINSDAG>
					<OPENING>08:00</OPENING>
					<SLUITING>17:30</SLUITING>
				</DINSDAG>
				<WOENSDAG>
					<OPENING>08:00</OPENING>
					<SLUITING>17:30</SLUITING>
				</WOENSDAG>
				<DONDERDAG>
					<OPENING>08:00</OPENING>
					<SLUITING>17:30</SLUITING>
				</DONDERDAG>
				<VRIJDAG>
					<OPENING>08:00</OPENING>
					<SLUITING>17:30</SLUITING>
				</VRIJDAG>
				<ZATERDAG>
					<OPENING>09:00</OPENING>
					<SLUITING>16:00</SLUITING>
				</ZATERDAG>
			</OPENINGSTIJDEN>
			<!-- Wat biedt deze verkoop afdeling naast verkoop -->
			<DIENSTEN>
				<LENEN/>
			</DIENSTEN>
			<!-- Verkoop van de gebruikte auto's -->
			<OCCASIONS>
				<AUTO kenteken="53-SZ-KD" merk="Volvo">
					<MODEL>Astra</MODEL>
					<BOUWJAAR>2016</BOUWJAAR>
					<BRANDSTOF naam="Diesel">Diesel</BRANDSTOF>
					<PRIJS>25000,00</PRIJS>
					<APK-VERLOOP-DATUM>26-08-2018</APK-VERLOOP-DATUM>
					<FOTOS>
						<FOTO>
							<URL>opelastra.jpg</URL>
							<ALT>Opel Astra Foto</ALT>
						</FOTO>
					</FOTOS>
				</AUTO>
				<AUTO kenteken="53-SZ-KD" merk="Fiat">
					<MODEL>Panda</MODEL>
					<BOUWJAAR>2008</BOUWJAAR>
					<BRANDSTOF naam="Diesel">Diesel</BRANDSTOF>
					<PRIJS>6025,00</PRIJS>
					<APK-VERLOOP-DATUM>26-08-2018</APK-VERLOOP-DATUM>
					<FOTOS>
						<FOTO>
							<URL>fiatpanda.jpeg</URL>
							<ALT>Fiat Panda Foto</ALT>
						</FOTO>
					</FOTOS>
				</AUTO>
			</OCCASIONS>
		</VERKOOP>
		<!-- De gegevens van de werkplaats van deze garage -->
		<WERKPLAATS>
			<OPENINGSTIJDEN>
				<MAANDAG>
					<OPENING>08:00</OPENING>
					<SLUITING>17:00</SLUITING>
				</MAANDAG>
				<DINSDAG>
					<OPENING>08:00</OPENING>
					<SLUITING>17:00</SLUITING>
				</DINSDAG>
				<WOENSDAG>
					<OPENING>08:00</OPENING>
					<SLUITING>17:00</SLUITING>
				</WOENSDAG>
				<DONDERDAG>
					<OPENING>08:00</OPENING>
					<SLUITING>17:00</SLUITING>
				</DONDERDAG>
				<VRIJDAG>
					<OPENING>08:00</OPENING>
					<SLUITING>17:00</SLUITING>
				</VRIJDAG>
			</OPENINGSTIJDEN>
			<!-- Werkzaamheden van de garage -->
			<WERKZAAMHEDEN>
				<ONDERHOUD/>
				<APK/>
				<SCHADEHERSTEL/>
				<RUITENREPARATIE/>
				<AIRCOSERVICE/>
				<BANDENSERVICE/>
			</WERKZAAMHEDEN>
		</WERKPLAATS>
		<!-- Certificaten van de garage -->
		<CERTIFICATEN>
			<RDW/>
		</CERTIFICATEN>
		<!-- De medewerkers van deze garage -->
		<MEDEWERKERS>
			<MEDEWERKER>
				<VOORNAAM>Cornee</VOORNAAM>
				<ACHTERNAAM>van Blerk</ACHTERNAAM>
				<FOTO>
					<URL>cornee.jpg</URL>
					<ALT>Cornee</ALT>
				</FOTO>
				<FUNCTIE naam="Stagiar" />
			</MEDEWERKER>
			<MEDEWERKER>
				<VOORNAAM>Thijs</VOORNAAM>
				<ACHTERNAAM>Janse</ACHTERNAAM>
				<FOTO>
					<URL>janse.jpg</URL>
					<ALT>Thijs Janse</ALT>
				</FOTO>
				<FUNCTIE naam="Hoofdmonteur" />
			</MEDEWERKER>
		</MEDEWERKERS>
	</GARAGE>

	<!-- Begin Auto Veuring -->
	<GARAGE>
		<NAAM>Auto Veurink</NAAM>
		<ADRESGEGEVENS>
			<STRAAT>Eskampweg</STRAAT>
			<HUISNUMMER>9</HUISNUMMER>
			<POSTCODE>7731 TA</POSTCODE>
			<PLAATS>Ommen</PLAATS>
			<PROVINCIE>Overijssel</PROVINCIE>
		</ADRESGEGEVENS>
		<TELEFOONNUMMER>0529 456080</TELEFOONNUMMER>
		<EMAIL>info@autoveurink.nl</EMAIL>
		<!-- Info over het verkoop gedeelte van deze garage -->
		<VERKOOP>
			<!-- Openingstijden van het verkoop gedeelte van deze garage -->
			<OPENINGSTIJDEN>
				<MAANDAG>
					<OPENING>08:00</OPENING>
					<SLUITING>17:00</SLUITING>
				</MAANDAG>
				<DINSDAG>
					<OPENING>08:00</OPENING>
					<SLUITING>17:00</SLUITING>
				</DINSDAG>
				<WOENSDAG>
					<OPENING>08:00</OPENING>
					<SLUITING>17:00</SLUITING>
				</WOENSDAG>
				<DONDERDAG>
					<OPENING>08:00</OPENING>
					<SLUITING>17:00</SLUITING>
				</DONDERDAG>
				<VRIJDAG>
					<OPENING>08:00</OPENING>
					<SLUITING>17:00</SLUITING>
				</VRIJDAG>
			</OPENINGSTIJDEN>
			<!-- Wat biedt deze verkoop afdeling naast verkoop -->
			<DIENSTEN>
				<LENEN/>
				<VERHUUR />
			</DIENSTEN>
			<!-- Verkoop van de gebruikte auto's -->
			<OCCASIONS>
				<AUTO kenteken="53-SZ-KD" merk="Volvo">
					<MODEL>Astra</MODEL>
					<BOUWJAAR>2016</BOUWJAAR>
					<BRANDSTOF naam="Diesel">Diesel</BRANDSTOF>
					<PRIJS>25000,00</PRIJS>
					<APK-VERLOOP-DATUM>26-08-2018</APK-VERLOOP-DATUM>
					<FOTOS>
						<FOTO>
							<URL>opelastra.jpg</URL>
							<ALT>Opel Astra Foto</ALT>
						</FOTO>
					</FOTOS>
				</AUTO>
				<AUTO kenteken="53-SZ-KD" merk="Fiat">
					<MODEL>Panda</MODEL>
					<BOUWJAAR>2008</BOUWJAAR>
					<BRANDSTOF naam="Diesel">Diesel</BRANDSTOF>
					<PRIJS>6025,00</PRIJS>
					<APK-VERLOOP-DATUM>26-08-2018</APK-VERLOOP-DATUM>
					<FOTOS>
						<FOTO>
							<URL>fiatpanda.jpeg</URL>
							<ALT>Fiat Panda Foto</ALT>
						</FOTO>
					</FOTOS>
				</AUTO>
			</OCCASIONS>
		</VERKOOP>
		<!-- De gegevens van de werkplaats van deze garage -->
		<WERKPLAATS>
			<OPENINGSTIJDEN>
				<MAANDAG>
					<OPENING>08:00</OPENING>
					<SLUITING>17:00</SLUITING>
				</MAANDAG>
				<DINSDAG>
					<OPENING>08:00</OPENING>
					<SLUITING>17:00</SLUITING>
				</DINSDAG>
				<WOENSDAG>
					<OPENING>08:00</OPENING>
					<SLUITING>17:00</SLUITING>
				</WOENSDAG>
				<DONDERDAG>
					<OPENING>08:00</OPENING>
					<SLUITING>17:00</SLUITING>
				</DONDERDAG>
				<VRIJDAG>
					<OPENING>08:00</OPENING>
					<SLUITING>17:00</SLUITING>
				</VRIJDAG>
			</OPENINGSTIJDEN>
			<!-- Werkzaamheden van de garage -->
			<WERKZAAMHEDEN>
				<ONDERHOUD/>
				<APK/>
				<SCHADEHERSTEL/>
				<RUITENREPARATIE/>
				<AIRCOSERVICE/>
				<BANDENSERVICE/>
			</WERKZAAMHEDEN>
		</WERKPLAATS>
		<!-- De medewerkers van deze garage -->
		<MEDEWERKERS>
			<MEDEWERKER>
				<VOORNAAM>Jan</VOORNAAM>
				<ACHTERNAAM>Veurink</ACHTERNAAM>
				<FOTO>
					<URL>jan.jpg</URL>
					<ALT>Jan Veurink</ALT>
				</FOTO>
				<FUNCTIE naam="Hoofdmonteur" />
			</MEDEWERKER>
		</MEDEWERKERS>
		<!-- Faciliteiten van de garage -->
		<FACILITEITEN>
			<WINKEL>
				<AUTO-ACCESSOIRES/>
				<ROOKWAAR/>
			</WINKEL>
		</FACILITEITEN>
	</GARAGE>

	<!-- Begin Garage van Leussen -->
	<GARAGE>
		<NAAM>Garage van Leussen</NAAM>
		<ADRESGEGEVENS>
			<STRAAT>Brink</STRAAT>
			<HUISNUMMER>2</HUISNUMMER>
			<POSTCODE>7731 TG</POSTCODE>
			<PLAATS>Ommen</PLAATS>
			<PROVINCIE>Overijssel</PROVINCIE>
		</ADRESGEGEVENS>
		<TELEFOONNUMMER>0529 451261</TELEFOONNUMMER>
		<EMAIL>info@autobedrijfvanleussen.nl</EMAIL>
		<!-- Info over het verkoop gedeelte van deze garage -->
		<VERKOOP>
			<!-- Openingstijden van het verkoop gedeelte van deze garage -->
			<OPENINGSTIJDEN>
				<MAANDAG>
					<OPENING>07:30</OPENING>
					<SLUITING>17:00</SLUITING>
				</MAANDAG>
				<DINSDAG>
					<OPENING>07:30</OPENING>
					<SLUITING>17:00</SLUITING>
				</DINSDAG>
				<WOENSDAG>
					<OPENING>07:30</OPENING>
					<SLUITING>17:00</SLUITING>
				</WOENSDAG>
				<DONDERDAG>
					<OPENING>07:30</OPENING>
					<SLUITING>17:00</SLUITING>
				</DONDERDAG>
				<VRIJDAG>
					<OPENING>07:30</OPENING>
					<SLUITING>17:00</SLUITING>
				</VRIJDAG>
				<ZATERDAG>
					<OPENING>08:00</OPENING>
					<SLUITING>17:00</SLUITING>
				</ZATERDAG>
			</OPENINGSTIJDEN>
			<!-- Wat biedt deze verkoop afdeling naast verkoop -->
			<DIENSTEN>
				<VERHUUR />
			</DIENSTEN>
			<!-- Verkoop van de gebruikte auto's -->
			<OCCASIONS>
				<AUTO kenteken="53-SZ-KD" merk="Fiat">
					<MODEL>Panda</MODEL>
					<BOUWJAAR>2008</BOUWJAAR>
					<BRANDSTOF naam="Diesel">Diesel</BRANDSTOF>
					<PRIJS>6025,00</PRIJS>
					<APK-VERLOOP-DATUM>26-08-2018</APK-VERLOOP-DATUM>
					<FOTOS>
						<FOTO>
							<URL>fiatpanda.jpeg</URL>
							<ALT>Fiat Panda Foto</ALT>
						</FOTO>
					</FOTOS>
				</AUTO>
			</OCCASIONS>
		</VERKOOP>
		<!-- De gegevens van de werkplaats van deze garage -->
		<WERKPLAATS>
			<OPENINGSTIJDEN>
				<MAANDAG>
					<OPENING>07:30</OPENING>
					<SLUITING>17:00</SLUITING>
				</MAANDAG>
				<DINSDAG>
					<OPENING>07:30</OPENING>
					<SLUITING>17:00</SLUITING>
				</DINSDAG>
				<WOENSDAG>
					<OPENING>07:30</OPENING>
					<SLUITING>17:00</SLUITING>
				</WOENSDAG>
				<DONDERDAG>
					<OPENING>07:30</OPENING>
					<SLUITING>17:00</SLUITING>
				</DONDERDAG>
				<VRIJDAG>
					<OPENING>07:30</OPENING>
					<SLUITING>17:00</SLUITING>
				</VRIJDAG>
				<ZATERDAG>
					<OPENING>08:00</OPENING>
					<SLUITING>17:00</SLUITING>
				</ZATERDAG>
			</OPENINGSTIJDEN>
			<!-- Werkzaamheden van de garage -->
			<WERKZAAMHEDEN>
				<ONDERHOUD/>
				<APK />
				<SCHADEHERSTEL/>
				<RUITENREPARATIE/>
				<AIRCOSERVICE/>
				<BANDENSERVICE/>
			</WERKZAAMHEDEN>
		</WERKPLAATS>
		<!-- Certificaten van de garage -->
		<CERTIFICATEN>
			<BOVAG/>
		</CERTIFICATEN>
		<!-- De medewerkers van deze garage -->
		<MEDEWERKERS>
			<MEDEWERKER>
				<VOORNAAM>Jan Pieter</VOORNAAM>
				<ACHTERNAAM>Breken</ACHTERNAAM>
				<FOTO>
					<URL>janpieter.jpg</URL>
					<ALT>Jan Pieter</ALT>
				</FOTO>
				<FUNCTIE naam="Hoofdmonteur" />
			</MEDEWERKER>
		</MEDEWERKERS>
		<!-- Faciliteiten van de garage -->
		<FACILITEITEN>
			<POMPEN>
				<POMP nummer="1">
					<BRANDSTOFFEN>
						<BRANDSTOF naam="Diesel"/>
						<BRANDSTOF naam="LPG"/>
					</BRANDSTOFFEN>
				</POMP>
				<BRANDSTOF-PRIJZEN>
					<BRANDSTOF-PRIJS>
						<BRANDSTOF naam="LPG"/>
						<PRIJS>1,35</PRIJS>
					</BRANDSTOF-PRIJS>
					<BRANDSTOF-PRIJS>
						<BRANDSTOF naam="Euro_95" />
						<PRIJS>1,20</PRIJS>
					</BRANDSTOF-PRIJS>
				</BRANDSTOF-PRIJZEN>
			</POMPEN>
		</FACILITEITEN>
	</GARAGE>

	<!-- Begin Oostendorp BV -->
	<GARAGE>
		<NAAM>Oostendorp BV</NAAM>
		<ADRESGEGEVENS>
			<STRAAT>Balkerweg</STRAAT>
			<HUISNUMMER>10</HUISNUMMER>
			<POSTCODE>7731 RZ</POSTCODE>
			<PLAATS>Ommen</PLAATS>
			<PROVINCIE>Overijssel</PROVINCIE>
		</ADRESGEGEVENS>
		<TELEFOONNUMMER>0529 453659</TELEFOONNUMMER>
		<EMAIL>info@oostendorp.nl</EMAIL>
		<!-- Info over het verkoop gedeelte van deze garage -->
		<VERKOOP>
			<!-- Openingstijden van het verkoop gedeelte van deze garage -->
			<OPENINGSTIJDEN>
				<DINSDAG>
					<OPENING>07:30</OPENING>
					<SLUITING>17:00</SLUITING>
				</DINSDAG>
				<WOENSDAG>
					<OPENING>07:30</OPENING>
					<SLUITING>17:00</SLUITING>
				</WOENSDAG>
				<DONDERDAG>
					<OPENING>07:30</OPENING>
					<SLUITING>17:00</SLUITING>
				</DONDERDAG>
				<VRIJDAG>
					<OPENING>07:30</OPENING>
					<SLUITING>17:00</SLUITING>
				</VRIJDAG>
				<ZATERDAG>
					<OPENING>09:00</OPENING>
					<SLUITING>16:00</SLUITING>
				</ZATERDAG>
			</OPENINGSTIJDEN>
			<!-- Wat biedt deze verkoop afdeling naast verkoop -->
			<DIENSTEN>
				<LENEN />
			</DIENSTEN>
			<!-- Verkoop van de gebruikte auto's -->
			<OCCASIONS>
				<AUTO kenteken="53-SZ-KD" merk="Fiat">
					<MODEL>Panda</MODEL>
					<BOUWJAAR>2008</BOUWJAAR>
					<BRANDSTOF naam="Diesel">Diesel</BRANDSTOF>
					<PRIJS>6025,00</PRIJS>
					<APK-VERLOOP-DATUM>26-08-2018</APK-VERLOOP-DATUM>
					<FOTOS>
						<FOTO>
							<URL>fiatpanda.jpeg</URL>
							<ALT>Fiat Panda Foto</ALT>
						</FOTO>
					</FOTOS>
				</AUTO>
			</OCCASIONS>
		</VERKOOP>
		<!-- De gegevens van de werkplaats van deze garage -->
		<WERKPLAATS>
			<OPENINGSTIJDEN>
				<MAANDAG>
					<OPENING>07:30</OPENING>
					<SLUITING>17:00</SLUITING>
				</MAANDAG>
				<DINSDAG>
					<OPENING>07:30</OPENING>
					<SLUITING>17:00</SLUITING>
				</DINSDAG>
				<WOENSDAG>
					<OPENING>07:30</OPENING>
					<SLUITING>17:00</SLUITING>
				</WOENSDAG>
				<DONDERDAG>
					<OPENING>07:30</OPENING>
					<SLUITING>17:00</SLUITING>
				</DONDERDAG>
				<VRIJDAG>
					<OPENING>07:30</OPENING>
					<SLUITING>17:00</SLUITING>
				</VRIJDAG>
				<ZATERDAG>
					<OPENING>08:00</OPENING>
					<SLUITING>17:00</SLUITING>
				</ZATERDAG>
			</OPENINGSTIJDEN>
			<!-- Werkzaamheden van de garage -->
			<WERKZAAMHEDEN>
				<ONDERHOUD/>
				<APK/>
				<SCHADEHERSTEL/>
				<RUITENREPARATIE/>
				<AIRCOSERVICE/>
				<BANDENSERVICE/>
			</WERKZAAMHEDEN>
		</WERKPLAATS>
		<!-- Certificaten van de garage -->
		<CERTIFICATEN>
			<BOVAG />
			<RDW />
		</CERTIFICATEN>
		<!-- De medewerkers van deze garage -->
		<MEDEWERKERS>
			<MEDEWERKER>
				<VOORNAAM>Jan Pieter</VOORNAAM>
				<ACHTERNAAM>Breken</ACHTERNAAM>
				<FOTO>
					<URL>janpieter.jpg</URL>
					<ALT>Jan Pieter Breken</ALT>
				</FOTO>
				<FUNCTIE naam="Hoofdmonteur" />
			</MEDEWERKER>
		</MEDEWERKERS>
		<!-- Faciliteiten van de garage -->
		<FACILITEITEN>
			<WASSEN>
				<WASSTRATEN>
					<WASSTRAAT nummer="4">
						<PRIJS>5,00</PRIJS>
					</WASSTRAAT>
					<WASSTRAAT nummer="5">
						<PRIJS>12,00</PRIJS>
					</WASSTRAAT>
				</WASSTRATEN>
			</WASSEN>
		</FACILITEITEN>
	</GARAGE>
</GARAGES>